Theta [deg.]  Phi   [deg.]  Abs(Grlz)[      ]   Abs(Theta)[      ]  Phase(Theta)[deg.]  Abs(Phi  )[      ]  Phase(Phi  )[deg.]  Ax.Ratio[      ]    
------------------------------------------------------------------------------------------------------------------------------------------------------
   0.000           0.000            1.474e+00           1.474e+00              76.895           2.460e-04             268.562           1.000e+02     
   5.000           0.000            1.443e+00           1.442e+00              76.229           2.518e-04             266.196           1.000e+02     
  10.000           0.000            1.383e+00           1.383e+00              75.576           2.594e-04             263.946           1.000e+02     
  15.000           0.000            1.300e+00           1.300e+00              74.941           2.688e-04             261.854           1.000e+02     
  20.000           0.000            1.196e+00           1.196e+00              74.328           2.796e-04             259.950           1.000e+02     
  25.000           0.000            1.078e+00           1.078e+00              73.741           2.918e-04             258.255           1.000e+02     
  30.000           0.000            9.501e-01           9.497e-01              73.183           3.051e-04             256.778           1.000e+02     
  35.000           0.000            8.179e-01           8.175e-01              72.659           3.191e-04             255.521           1.000e+02     
  40.000           0.000            6.864e-01           6.861e-01              72.171           3.335e-04             254.479           1.000e+02     
  45.000           0.000            5.600e-01           5.596e-01              71.723           3.482e-04             253.641           1.000e+02     
  50.000           0.000            4.421e-01           4.418e-01              71.318           3.628e-04             252.994           1.000e+02     
  55.000           0.000            3.356e-01           3.352e-01              70.959           3.770e-04             252.522           1.000e+02     
  60.000           0.000            2.424e-01           2.420e-01              70.649           3.906e-04             252.209           1.000e+02     
  65.000           0.000            1.636e-01           1.632e-01              70.393           4.034e-04             252.040           1.000e+02     
  70.000           0.000            1.001e-01           9.971e-02              70.197           4.151e-04             252.000           1.000e+02     
  75.000           0.000            5.217e-02           5.175e-02              70.076           4.257e-04             252.077           1.000e+02     
  80.000           0.000            1.984e-02           1.941e-02              70.079           4.349e-04             252.261           1.000e+02     
  85.000           0.000            3.075e-03           2.632e-03              70.585           4.428e-04             252.542           8.339e+01     
  90.000           0.000            1.787e-03           1.338e-03             248.343           4.490e-04             252.915           2.888e+01     
  95.000           0.000            1.592e-02           1.547e-02             249.282           4.538e-04             253.377           8.415e+01     
 100.000           0.000            4.546e-02           4.501e-02             249.517           4.569e-04             253.925           1.000e+02     
 105.000           0.000            9.041e-02           8.995e-02             249.711           4.584e-04             254.560           1.000e+02     
 110.000           0.000            1.507e-01           1.503e-01             249.925           4.583e-04             255.285           1.000e+02     
 115.000           0.000            2.262e-01           2.257e-01             250.175           4.568e-04             256.103           1.000e+02     
 120.000           0.000            3.163e-01           3.159e-01             250.466           4.538e-04             257.019           1.000e+02     
 125.000           0.000            4.202e-01           4.198e-01             250.799           4.496e-04             258.039           1.000e+02     
 130.000           0.000            5.364e-01           5.359e-01             251.172           4.443e-04             259.168           1.000e+02     
 135.000           0.000            6.625e-01           6.621e-01             251.586           4.382e-04             260.412           1.000e+02     
 140.000           0.000            7.958e-01           7.953e-01             252.036           4.314e-04             261.772           1.000e+02     
 145.000           0.000            9.322e-01           9.318e-01             252.521           4.243e-04             263.250           1.000e+02     
 150.000           0.000            1.067e+00           1.067e+00             253.036           4.171e-04             264.841           1.000e+02     
 155.000           0.000            1.196e+00           1.196e+00             253.579           4.100e-04             266.539           1.000e+02     
 160.000           0.000            1.313e+00           1.313e+00             254.146           4.034e-04             268.331           1.000e+02     
 165.000           0.000            1.413e+00           1.412e+00             254.731           3.974e-04             270.201           1.000e+02     
 170.000           0.000            1.490e+00           1.490e+00             255.330           3.922e-04             272.126           1.000e+02     
 175.000           0.000            1.542e+00           1.541e+00             255.939           3.880e-04             274.081           1.000e+02     
 180.000           0.000            1.564e+00           1.564e+00             256.552           3.846e-04             276.037           1.000e+02     
   0.000           5.000            1.474e+00           1.460e+00              76.882           1.468e-02             258.390           1.000e+02     
   5.000           5.000            1.443e+00           1.428e+00              76.213           1.459e-02             257.554           1.000e+02     
  10.000           5.000            1.384e+00           1.370e+00              75.557           1.446e-02             256.738           1.000e+02     
  15.000           5.000            1.302e+00           1.287e+00              74.919           1.429e-02             255.951           1.000e+02     
  20.000           5.000            1.199e+00           1.185e+00              74.303           1.409e-02             255.198           1.000e+02     
  25.000           5.000            1.082e+00           1.068e+00              73.713           1.387e-02             254.487           1.000e+02     
  30.000           5.000            9.550e-01           9.414e-01              73.153           1.363e-02             253.821           1.000e+02     
  35.000           5.000            8.239e-01           8.105e-01              72.626           1.338e-02             253.207           1.000e+02     
  40.000           5.000            6.935e-01           6.804e-01              72.137           1.313e-02             252.647           1.000e+02     
  45.000           5.000            5.680e-01           5.551e-01              71.687           1.288e-02             252.146           1.000e+02     
  50.000           5.000            4.510e-01           4.384e-01              71.281           1.265e-02             251.704           1.000e+02     
  55.000           5.000            3.452e-01           3.328e-01              70.921           1.244e-02             251.323           1.000e+02     
  60.000           5.000            2.525e-01           2.403e-01              70.612           1.226e-02             251.005           1.000e+02     
  65.000           5.000            1.742e-01           1.621e-01              70.358           1.210e-02             250.748           1.000e+02     
  70.000           5.000            1.111e-01           9.907e-02              70.167           1.199e-02             250.553           1.000e+02     
  75.000           5.000            6.335e-02           5.144e-02              70.056           1.191e-02             250.417           1.000e+02     
  80.000           5.000            3.118e-02           1.931e-02              70.084           1.187e-02             250.341           1.000e+02     
  85.000           5.000            1.451e-02           2.627e-03              70.700           1.188e-02             250.322           1.000e+02     
  90.000           5.000            1.325e-02           1.320e-03             248.026           1.193e-02             250.360           8.196e+01     
  95.000           5.000            2.736e-02           1.533e-02             249.147           1.203e-02             250.453           8.838e+01     
 100.000           5.000            5.681e-02           4.464e-02             249.414           1.216e-02             250.601           1.000e+02     
 105.000           5.000            1.016e-01           8.925e-02             249.621           1.234e-02             250.803           1.000e+02     
 110.000           5.000            1.617e-01           1.491e-01             249.843           1.256e-02             251.058           1.000e+02     
 115.000           5.000            2.368e-01           2.240e-01             250.100           1.282e-02             251.365           1.000e+02     
 120.000           5.000            3.265e-01           3.134e-01             250.396           1.310e-02             251.725           1.000e+02     
 125.000           5.000            4.298e-01           4.164e-01             250.733           1.341e-02             252.137           1.000e+02     
 130.000           5.000            5.452e-01           5.314e-01             251.110           1.375e-02             252.599           1.000e+02     
 135.000           5.000            6.705e-01           6.564e-01             251.528           1.409e-02             253.111           1.000e+02     
 140.000           5.000            8.028e-01           7.883e-01             251.982           1.443e-02             253.671           1.000e+02     
 145.000           5.000            9.381e-01           9.234e-01             252.470           1.477e-02             254.277           1.000e+02     
 150.000           5.000            1.072e+00           1.057e+00             252.990           1.510e-02             254.926           1.000e+02     
 155.000           5.000            1.200e+00           1.184e+00             253.536           1.540e-02             255.614           1.000e+02     
 160.000           5.000            1.315e+00           1.300e+00             254.106           1.567e-02             256.337           1.000e+02     
 165.000           5.000            1.414e+00           1.398e+00             254.695           1.590e-02             257.091           1.000e+02     
 170.000           5.000            1.491e+00           1.475e+00             255.298           1.608e-02             257.871           1.000e+02     
 175.000           5.000            1.542e+00           1.526e+00             255.910           1.620e-02             258.669           1.000e+02     
 180.000           5.000            1.564e+00           1.548e+00             256.526           1.627e-02             259.480           1.000e+02     
   0.000          10.000            1.474e+00           1.423e+00              76.869           5.107e-02             257.687           1.000e+02     
   5.000          10.000            1.444e+00           1.393e+00              76.201           5.063e-02             256.948           1.000e+02     
  10.000          10.000            1.386e+00           1.336e+00              75.546           5.002e-02             256.223           1.000e+02     
  15.000          10.000            1.306e+00           1.256e+00              74.910           4.927e-02             255.519           1.000e+02     
  20.000          10.000            1.205e+00           1.157e+00              74.295           4.840e-02             254.842           1.000e+02     
  25.000          10.000            1.091e+00           1.043e+00              73.706           4.744e-02             254.196           1.000e+02     
  30.000          10.000            9.665e-01           9.201e-01              73.147           4.641e-02             253.587           1.000e+02     
  35.000          10.000            8.381e-01           7.928e-01              72.622           4.535e-02             253.019           1.000e+02     
  40.000          10.000            7.102e-01           6.660e-01              72.133           4.428e-02             252.495           1.000e+02     
  45.000          10.000            5.871e-01           5.438e-01              71.685           4.325e-02             252.018           1.000e+02     
  50.000          10.000            4.720e-01           4.297e-01              71.280           4.227e-02             251.591           1.000e+02     
  55.000          10.000            3.678e-01           3.265e-01              70.922           4.138e-02             251.215           1.000e+02     
  60.000          10.000            2.765e-01           2.359e-01              70.614           4.060e-02             250.893           1.000e+02     
  65.000          10.000            1.992e-01           1.593e-01              70.363           3.993e-02             250.624           1.000e+02     
  70.000          10.000            1.368e-01           9.742e-02              70.176           3.941e-02             250.409           1.000e+02     
  75.000          10.000            8.967e-02           5.062e-02              70.073           3.904e-02             250.248           1.000e+02     
  80.000          10.000            5.786e-02           1.902e-02              70.117           3.883e-02             250.142           1.000e+02     
  85.000          10.000            4.139e-02           2.600e-03              70.805           3.879e-02             250.089           1.000e+02     
  90.000          10.000            4.021e-02           1.287e-03             247.839           3.892e-02             250.089           1.000e+02     
  95.000          10.000            5.425e-02           1.504e-02             249.087           3.922e-02             250.142           1.000e+02     
 100.000          10.000            8.350e-02           4.382e-02             249.374           3.968e-02             250.248           1.000e+02     
 105.000          10.000            1.279e-01           8.762e-02             249.590           4.031e-02             250.405           1.000e+02     
 110.000          10.000            1.874e-01           1.463e-01             249.817           4.109e-02             250.614           1.000e+02     
 115.000          10.000            2.618e-01           2.198e-01             250.077           4.201e-02             250.875           1.000e+02     
 120.000          10.000            3.504e-01           3.073e-01             250.374           4.306e-02             251.185           1.000e+02     
 125.000          10.000            4.523e-01           4.081e-01             250.713           4.421e-02             251.546           1.000e+02     
 130.000          10.000            5.660e-01           5.206e-01             251.092           4.545e-02             251.954           1.000e+02     
 135.000          10.000            6.893e-01           6.426e-01             251.509           4.674e-02             252.409           1.000e+02     
 140.000          10.000            8.192e-01           7.712e-01             251.964           4.805e-02             252.909           1.000e+02     
 145.000          10.000            9.520e-01           9.027e-01             252.452           4.936e-02             253.452           1.000e+02     
 150.000          10.000            1.083e+00           1.033e+00             252.971           5.062e-02             254.033           1.000e+02     
 155.000          10.000            1.208e+00           1.156e+00             253.517           5.180e-02             254.651           1.000e+02     
 160.000          10.000            1.321e+00           1.268e+00             254.086           5.287e-02             255.300           1.000e+02     
 165.000          10.000            1.418e+00           1.364e+00             254.673           5.379e-02             255.977           1.000e+02     
 170.000          10.000            1.493e+00           1.438e+00             255.275           5.454e-02             256.676           1.000e+02     
 175.000          10.000            1.542e+00           1.487e+00             255.885           5.509e-02             257.392           1.000e+02     
 180.000          10.000            1.564e+00           1.509e+00             256.499           5.543e-02             258.120           1.000e+02     
   0.000          15.000            1.474e+00           1.366e+00              76.855           1.083e-01             257.429           1.000e+02     
   5.000          15.000            1.445e+00           1.337e+00              76.193           1.073e-01             256.730           1.000e+02     
  10.000          15.000            1.389e+00           1.283e+00              75.544           1.059e-01             256.043           1.000e+02     
  15.000          15.000            1.311e+00           1.207e+00              74.913           1.043e-01             255.375           1.000e+02     
  20.000          15.000            1.215e+00           1.113e+00              74.304           1.023e-01             254.730           1.000e+02     
  25.000          15.000            1.104e+00           1.004e+00              73.720           1.002e-01             254.113           1.000e+02     
  30.000          15.000            9.845e-01           8.865e-01              73.166           9.795e-02             253.529           1.000e+02     
  35.000          15.000            8.603e-01           7.647e-01              72.645           9.562e-02             252.981           1.000e+02     
  40.000          15.000            7.364e-01           6.431e-01              72.160           9.329e-02             252.473           1.000e+02     
  45.000          15.000            6.168e-01           5.257e-01              71.716           9.103e-02             252.009           1.000e+02     
  50.000          15.000            5.049e-01           4.160e-01              71.314           8.889e-02             251.590           1.000e+02     
  55.000          15.000            4.033e-01           3.164e-01              70.959           8.694e-02             251.218           1.000e+02     
  60.000          15.000            3.141e-01           2.289e-01              70.655           8.521e-02             250.896           1.000e+02     
  65.000          15.000            2.385e-01           1.547e-01              70.407           8.376e-02             250.624           1.000e+02     
  70.000          15.000            1.773e-01           9.473e-02              70.223           8.260e-02             250.403           1.000e+02     
  75.000          15.000            1.311e-01           4.928e-02              70.125           8.178e-02             250.233           1.000e+02     
  80.000          15.000            9.984e-02           1.855e-02              70.178           8.129e-02             250.116           1.000e+02     
  85.000          15.000            8.372e-02           2.548e-03              70.899           8.117e-02             250.050           1.000e+02     
  90.000          15.000            8.264e-02           1.239e-03             247.786           8.141e-02             250.035           1.000e+02     
  95.000          15.000            9.659e-02           1.458e-02             249.101           8.201e-02             250.073           1.000e+02     
 100.000          15.000            1.255e-01           4.254e-02             249.399           8.297e-02             250.161           1.000e+02     
 105.000          15.000            1.693e-01           8.506e-02             249.618           8.428e-02             250.301           1.000e+02     
 110.000          15.000            2.279e-01           1.420e-01             249.847           8.592e-02             250.492           1.000e+02     
 115.000          15.000            3.010e-01           2.131e-01             250.106           8.786e-02             250.733           1.000e+02     
 120.000          15.000            3.879e-01           2.978e-01             250.403           9.008e-02             251.024           1.000e+02     
 125.000          15.000            4.876e-01           3.951e-01             250.739           9.252e-02             251.363           1.000e+02     
 130.000          15.000            5.986e-01           5.034e-01             251.115           9.514e-02             251.749           1.000e+02     
 135.000          15.000            7.186e-01           6.208e-01             251.530           9.789e-02             252.181           1.000e+02     
 140.000          15.000            8.449e-01           7.442e-01             251.981           1.007e-01             252.656           1.000e+02     
 145.000          15.000            9.736e-01           8.701e-01             252.465           1.035e-01             253.171           1.000e+02     
 150.000          15.000            1.101e+00           9.945e-01             252.980           1.062e-01             253.725           1.000e+02     
 155.000          15.000            1.221e+00           1.113e+00             253.520           1.087e-01             254.312           1.000e+02     
 160.000          15.000            1.330e+00           1.219e+00             254.084           1.110e-01             254.930           1.000e+02     
 165.000          15.000            1.423e+00           1.310e+00             254.665           1.130e-01             255.574           1.000e+02     
 170.000          15.000            1.495e+00           1.381e+00             255.260           1.147e-01             256.239           1.000e+02     
 175.000          15.000            1.543e+00           1.427e+00             255.864           1.159e-01             256.920           1.000e+02     
 180.000          15.000            1.564e+00           1.447e+00             256.472           1.167e-01             257.612           1.000e+02     
   0.000          20.000            1.474e+00           1.290e+00              76.841           1.846e-01             257.293           1.000e+02     
   5.000          20.000            1.446e+00           1.263e+00              76.189           1.829e-01             256.622           1.000e+02     
  10.000          20.000            1.393e+00           1.213e+00              75.550           1.806e-01             255.963           1.000e+02     
  15.000          20.000            1.319e+00           1.142e+00              74.929           1.778e-01             255.320           1.000e+02     
  20.000          20.000            1.228e+00           1.053e+00              74.329           1.745e-01             254.699           1.000e+02     
  25.000          20.000            1.123e+00           9.516e-01              73.754           1.709e-01             254.104           1.000e+02     
  30.000          20.000            1.008e+00           8.413e-01              73.208           1.671e-01             253.538           1.000e+02     
  35.000          20.000            8.899e-01           7.267e-01              72.695           1.632e-01             253.007           1.000e+02     
  40.000          20.000            7.714e-01           6.121e-01              72.217           1.593e-01             252.513           1.000e+02     
  45.000          20.000            6.567e-01           5.012e-01              71.779           1.555e-01             252.060           1.000e+02     
  50.000          20.000            5.491e-01           3.972e-01              71.383           1.519e-01             251.649           1.000e+02     
  55.000          20.000            4.512e-01           3.026e-01              71.033           1.487e-01             251.283           1.000e+02     
  60.000          20.000            3.650e-01           2.192e-01              70.733           1.458e-01             250.964           1.000e+02     
  65.000          20.000            2.917e-01           1.484e-01              70.489           1.433e-01             250.693           1.000e+02     
  70.000          20.000            2.324e-01           9.099e-02              70.308           1.414e-01             250.471           1.000e+02     
  75.000          20.000            1.874e-01           4.741e-02              70.211           1.400e-01             250.298           1.000e+02     
  80.000          20.000            1.570e-01           1.788e-02              70.265           1.392e-01             250.176           1.000e+02     
  85.000          20.000            1.414e-01           2.469e-03              70.978           1.389e-01             250.103           1.000e+02     
  90.000          20.000            1.405e-01           1.177e-03             247.874           1.393e-01             250.081           1.000e+02     
  95.000          20.000            1.543e-01           1.397e-02             249.193           1.403e-01             250.110           1.000e+02     
 100.000          20.000            1.827e-01           4.079e-02             249.489           1.419e-01             250.189           1.000e+02     
 105.000          20.000            2.257e-01           8.157e-02             249.706           1.441e-01             250.319           1.000e+02     
 110.000          20.000            2.829e-01           1.361e-01             249.932           1.468e-01             250.498           1.000e+02     
 115.000          20.000            3.541e-01           2.041e-01             250.187           1.500e-01             250.727           1.000e+02     
 120.000          20.000            4.386e-01           2.849e-01             250.480           1.537e-01             251.004           1.000e+02     
 125.000          20.000            5.352e-01           3.774e-01             250.811           1.578e-01             251.329           1.000e+02     
 130.000          20.000            6.424e-01           4.803e-01             251.182           1.622e-01             251.700           1.000e+02     
 135.000          20.000            7.580e-01           5.913e-01             251.590           1.667e-01             252.115           1.000e+02     
 140.000          20.000            8.792e-01           7.078e-01             252.033           1.714e-01             252.572           1.000e+02     
 145.000          20.000            1.002e+00           8.265e-01             252.509           1.760e-01             253.068           1.000e+02     
 150.000          20.000            1.124e+00           9.433e-01             253.015           1.805e-01             253.601           1.000e+02     
 155.000          20.000            1.239e+00           1.054e+00             253.546           1.848e-01             254.167           1.000e+02     
 160.000          20.000            1.342e+00           1.154e+00             254.100           1.886e-01             254.762           1.000e+02     
 165.000          20.000            1.431e+00           1.239e+00             254.671           1.919e-01             255.382           1.000e+02     
 170.000          20.000            1.499e+00           1.304e+00             255.255           1.947e-01             256.022           1.000e+02     
 175.000          20.000            1.544e+00           1.348e+00             255.847           1.968e-01             256.678           1.000e+02     
 180.000          20.000            1.564e+00           1.366e+00             256.442           1.981e-01             257.343           1.000e+02     
   0.000          25.000            1.474e+00           1.197e+00              76.825           2.778e-01             257.208           1.000e+02     
   5.000          25.000            1.447e+00           1.172e+00              76.188           2.752e-01             256.564           1.000e+02     
  10.000          25.000            1.398e+00           1.126e+00              75.564           2.718e-01             255.930           1.000e+02     
  15.000          25.000            1.329e+00           1.061e+00              74.956           2.677e-01             255.312           1.000e+02     
  20.000          25.000            1.243e+00           9.804e-01              74.369           2.630e-01             254.713           1.000e+02     
  25.000          25.000            1.145e+00           8.871e-01              73.807           2.578e-01             254.138           1.000e+02     
  30.000          25.000            1.038e+00           7.855e-01              73.273           2.524e-01             253.592           1.000e+02     
  35.000          25.000            9.264e-01           6.797e-01              72.770           2.467e-01             253.077           1.000e+02     
  40.000          25.000            8.146e-01           5.735e-01              72.303           2.411e-01             252.598           1.000e+02     
  45.000          25.000            7.062e-01           4.705e-01              71.873           2.357e-01             252.157           1.000e+02     
  50.000          25.000            6.041e-01           3.736e-01              71.485           2.305e-01             251.757           1.000e+02     
  55.000          25.000            5.110e-01           2.852e-01              71.142           2.258e-01             251.399           1.000e+02     
  60.000          25.000            4.286e-01           2.070e-01              70.848           2.216e-01             251.085           1.000e+02     
  65.000          25.000            3.585e-01           1.404e-01              70.607           2.181e-01             250.818           1.000e+02     
  70.000          25.000            3.015e-01           8.620e-02              70.428           2.153e-01             250.598           1.000e+02     
  75.000          25.000            2.583e-01           4.498e-02              70.329           2.133e-01             250.425           1.000e+02     
  80.000          25.000            2.291e-01           1.700e-02              70.374           2.122e-01             250.301           1.000e+02     
  85.000          25.000            2.142e-01           2.359e-03              71.038           2.118e-01             250.225           1.000e+02     
  90.000          25.000            2.135e-01           1.104e-03             248.114           2.124e-01             250.199           1.000e+02     
  95.000          25.000            2.271e-01           1.321e-02             249.363           2.139e-01             250.222           1.000e+02     
 100.000          25.000            2.548e-01           3.861e-02             249.644           2.162e-01             250.295           1.000e+02     
 105.000          25.000            2.965e-01           7.717e-02             249.853           2.194e-01             250.416           1.000e+02     
 110.000          25.000            3.520e-01           1.287e-01             250.071           2.233e-01             250.586           1.000e+02     
 115.000          25.000            4.207e-01           1.927e-01             250.320           2.280e-01             250.805           1.000e+02     
 120.000          25.000            5.019e-01           2.686e-01             250.605           2.333e-01             251.070           1.000e+02     
 125.000          25.000            5.945e-01           3.553e-01             250.928           2.392e-01             251.382           1.000e+02     
 130.000          25.000            6.969e-01           4.514e-01             251.289           2.455e-01             251.739           1.000e+02     
 135.000          25.000            8.068e-01           5.548e-01             251.687           2.520e-01             252.139           1.000e+02     
 140.000          25.000            9.216e-01           6.629e-01             252.120           2.588e-01             252.579           1.000e+02     
 145.000          25.000            1.038e+00           7.726e-01             252.584           2.654e-01             253.058           1.000e+02     
 150.000          25.000            1.152e+00           8.802e-01             253.077           2.719e-01             253.571           1.000e+02     
 155.000          25.000            1.260e+00           9.819e-01             253.594           2.780e-01             254.116           1.000e+02     
 160.000          25.000            1.357e+00           1.074e+00             254.133           2.835e-01             254.689           1.000e+02     
 165.000          25.000            1.439e+00           1.151e+00             254.689           2.883e-01             255.286           1.000e+02     
 170.000          25.000            1.503e+00           1.211e+00             255.257           2.923e-01             255.903           1.000e+02     
 175.000          25.000            1.546e+00           1.250e+00             255.833           2.953e-01             256.534           1.000e+02     
 180.000          25.000            1.564e+00           1.267e+00             256.411           2.973e-01             257.175           1.000e+02     
   0.000          30.000            1.474e+00           1.090e+00              76.808           3.849e-01             257.149           1.000e+02     
   5.000          30.000            1.449e+00           1.068e+00              76.190           3.814e-01             256.533           1.000e+02     
  10.000          30.000            1.404e+00           1.027e+00              75.584           3.770e-01             255.926           1.000e+02     
  15.000          30.000            1.340e+00           9.688e-01              74.994           3.716e-01             255.332           1.000e+02     
  20.000          30.000            1.262e+00           8.960e-01              74.424           3.655e-01             254.758           1.000e+02     
  25.000          30.000            1.171e+00           8.120e-01              73.878           3.588e-01             254.205           1.000e+02     
  30.000          30.000            1.072e+00           7.204e-01              73.359           3.517e-01             253.680           1.000e+02     
  35.000          30.000            9.690e-01           6.246e-01              72.870           3.444e-01             253.184           1.000e+02     
  40.000          30.000            8.653e-01           5.282e-01              72.415           3.371e-01             252.721           1.000e+02     
  45.000          30.000            7.643e-01           4.343e-01              71.997           3.300e-01             252.295           1.000e+02     
  50.000          30.000            6.690e-01           3.456e-01              71.619           3.234e-01             251.907           1.000e+02     
  55.000          30.000            5.816e-01           2.644e-01              71.284           3.173e-01             251.559           1.000e+02     
  60.000          30.000            5.042e-01           1.923e-01              70.996           3.119e-01             251.254           1.000e+02     
  65.000          30.000            4.380e-01           1.307e-01              70.758           3.074e-01             250.993           1.000e+02     
  70.000          30.000            3.841e-01           8.038e-02              70.580           3.038e-01             250.777           1.000e+02     
  75.000          30.000            3.432e-01           4.201e-02              70.476           3.012e-01             250.607           1.000e+02     
  80.000          30.000            3.156e-01           1.590e-02              70.501           2.997e-01             250.483           1.000e+02     
  85.000          30.000            3.016e-01           2.217e-03              71.067           2.994e-01             250.407           1.000e+02     
  90.000          30.000            3.012e-01           1.022e-03             248.519           3.002e-01             250.378           1.000e+02     
  95.000          30.000            3.145e-01           1.231e-02             249.613           3.022e-01             250.397           1.000e+02     
 100.000          30.000            3.412e-01           3.599e-02             249.865           3.052e-01             250.464           1.000e+02     
 105.000          30.000            3.813e-01           7.191e-02             250.059           3.094e-01             250.578           1.000e+02     
 110.000          30.000            4.344e-01           1.198e-01             250.266           3.146e-01             250.739           1.000e+02     
 115.000          30.000            4.999e-01           1.791e-01             250.504           3.208e-01             250.948           1.000e+02     
 120.000          30.000            5.771e-01           2.493e-01             250.778           3.278e-01             251.202           1.000e+02     
 125.000          30.000            6.646e-01           3.291e-01             251.089           3.354e-01             251.501           1.000e+02     
 130.000          30.000            7.609e-01           4.173e-01             251.438           3.437e-01             251.843           1.000e+02     
 135.000          30.000            8.640e-01           5.117e-01             251.822           3.522e-01             252.226           1.000e+02     
 140.000          30.000            9.712e-01           6.102e-01             252.240           3.610e-01             252.649           1.000e+02     
 145.000          30.000            1.079e+00           7.097e-01             252.688           3.697e-01             253.108           1.000e+02     
 150.000          30.000            1.185e+00           8.070e-01             253.163           3.781e-01             253.601           1.000e+02     
 155.000          30.000            1.285e+00           8.986e-01             253.663           3.860e-01             254.124           1.000e+02     
 160.000          30.000            1.374e+00           9.808e-01             254.183           3.932e-01             254.674           1.000e+02     
 165.000          30.000            1.450e+00           1.050e+00             254.719           3.994e-01             255.247           1.000e+02     
 170.000          30.000            1.508e+00           1.104e+00             255.266           4.046e-01             255.838           1.000e+02     
 175.000          30.000            1.547e+00           1.138e+00             255.821           4.086e-01             256.444           1.000e+02     
 180.000          30.000            1.564e+00           1.153e+00             256.378           4.113e-01             257.058           1.000e+02     
   0.000          35.000            1.474e+00           9.717e-01              76.790           5.027e-01             257.105           1.000e+02     
   5.000          35.000            1.451e+00           9.529e-01              76.194           4.984e-01             256.519           1.000e+02     
  10.000          35.000            1.410e+00           9.172e-01              75.610           4.930e-01             255.941           1.000e+02     
  15.000          35.000            1.353e+00           8.663e-01              75.041           4.866e-01             255.375           1.000e+02     
  20.000          35.000            1.282e+00           8.025e-01              74.492           4.792e-01             254.827           1.000e+02     
  25.000          35.000            1.200e+00           7.286e-01              73.965           4.711e-01             254.300           1.000e+02     
  30.000          35.000            1.110e+00           6.476e-01              73.464           4.626e-01             253.797           1.000e+02     
  35.000          35.000            1.017e+00           5.628e-01              72.992           4.539e-01             253.323           1.000e+02     
  40.000          35.000            9.223e-01           4.770e-01              72.553           4.452e-01             252.880           1.000e+02     
  45.000          35.000            8.300e-01           3.932e-01              72.148           4.368e-01             252.470           1.000e+02     
  50.000          35.000            7.425e-01           3.136e-01              71.782           4.289e-01             252.097           1.000e+02     
  55.000          35.000            6.621e-01           2.405e-01              71.456           4.216e-01             251.763           1.000e+02     
  60.000          35.000            5.905e-01           1.753e-01              71.174           4.152e-01             251.468           1.000e+02     
  65.000          35.000            5.292e-01           1.194e-01              70.940           4.098e-01             251.215           1.000e+02     
  70.000          35.000            4.791e-01           7.356e-02              70.760           4.056e-01             251.006           1.000e+02     
  75.000          35.000            4.411e-01           3.851e-02              70.646           4.026e-01             250.840           1.000e+02     
  80.000          35.000            4.155e-01           1.460e-02              70.640           4.009e-01             250.718           1.000e+02     
  85.000          35.000            4.026e-01           2.040e-03              71.053           4.006e-01             250.642           1.000e+02     
  90.000          35.000            4.026e-01           9.337e-04             249.111           4.017e-01             250.612           1.000e+02     
  95.000          35.000            4.154e-01           1.128e-02             249.948           4.042e-01             250.628           1.000e+02     
 100.000          35.000            4.410e-01           3.297e-02             250.154           4.080e-01             250.689           1.000e+02     
 105.000          35.000            4.790e-01           6.583e-02             250.325           4.132e-01             250.796           1.000e+02     
 110.000          35.000            5.291e-01           1.095e-01             250.515           4.196e-01             250.949           1.000e+02     
 115.000          35.000            5.906e-01           1.635e-01             250.738           4.271e-01             251.147           1.000e+02     
 120.000          35.000            6.627e-01           2.271e-01             250.997           4.356e-01             251.389           1.000e+02     
 125.000          35.000            7.442e-01           2.993e-01             251.294           4.449e-01             251.673           1.000e+02     
 130.000          35.000            8.334e-01           3.786e-01             251.626           4.549e-01             251.999           1.000e+02     
 135.000          35.000            9.284e-01           4.632e-01             251.993           4.653e-01             252.365           1.000e+02     
 140.000          35.000            1.027e+00           5.509e-01             252.391           4.758e-01             252.768           1.000e+02     
 145.000          35.000            1.126e+00           6.393e-01             252.819           4.863e-01             253.206           1.000e+02     
 150.000          35.000            1.222e+00           7.254e-01             253.274           4.964e-01             253.676           1.000e+02     
 155.000          35.000            1.312e+00           8.060e-01             253.751           5.059e-01             254.175           1.000e+02     
 160.000          35.000            1.393e+00           8.782e-01             254.247           5.146e-01             254.700           1.000e+02     
 165.000          35.000            1.461e+00           9.388e-01             254.759           5.221e-01             255.246           1.000e+02     
 170.000          35.000            1.514e+00           9.853e-01             255.281           5.284e-01             255.809           1.000e+02     
 175.000          35.000            1.549e+00           1.015e+00             255.810           5.332e-01             256.386           1.000e+02     
 180.000          35.000            1.564e+00           1.028e+00             256.340           5.364e-01             256.971           1.000e+02     
   0.000          40.000            1.474e+00           8.468e-01              76.768           6.276e-01             257.071           1.000e+02     
   5.000          40.000            1.454e+00           8.309e-01              76.198           6.227e-01             256.518           1.000e+02     
  10.000          40.000            1.417e+00           8.005e-01              75.640           6.165e-01             255.971           1.000e+02     
  15.000          40.000            1.366e+00           7.571e-01              75.096           6.092e-01             255.437           1.000e+02     
  20.000          40.000            1.303e+00           7.024e-01              74.570           6.009e-01             254.918           1.000e+02     
  25.000          40.000            1.231e+00           6.390e-01              74.066           5.919e-01             254.419           1.000e+02     
  30.000          40.000            1.152e+00           5.692e-01              73.586           5.824e-01             253.942           1.000e+02     
  35.000          40.000            1.068e+00           4.958e-01              73.134           5.727e-01             253.492           1.000e+02     
  40.000          40.000            9.843e-01           4.213e-01              72.712           5.630e-01             253.070           1.000e+02     
  45.000          40.000            9.017e-01           3.481e-01              72.323           5.536e-01             252.681           1.000e+02     
  50.000          40.000            8.231e-01           2.784e-01              71.969           5.448e-01             252.325           1.000e+02     
  55.000          40.000            7.507e-01           2.139e-01              71.654           5.367e-01             252.006           1.000e+02     
  60.000          40.000            6.859e-01           1.563e-01              71.379           5.296e-01             251.724           1.000e+02     
  65.000          40.000            6.303e-01           1.066e-01              71.147           5.237e-01             251.482           1.000e+02     
  70.000          40.000            5.849e-01           6.584e-02              70.962           5.191e-01             251.281           1.000e+02     
  75.000          40.000            5.503e-01           3.451e-02              70.832           5.158e-01             251.121           1.000e+02     
  80.000          40.000            5.272e-01           1.309e-02              70.779           5.141e-01             251.003           1.000e+02     
  85.000          40.000            5.157e-01           1.829e-03              70.972           5.139e-01             250.928           1.000e+02     
  90.000          40.000            5.162e-01           8.408e-04             249.914           5.153e-01             250.897           1.000e+02     
  95.000          40.000            5.284e-01           1.013e-02             250.373           5.183e-01             250.910           1.000e+02     
 100.000          40.000            5.525e-01           2.961e-02             250.512           5.228e-01             250.967           1.000e+02     
 105.000          40.000            5.879e-01           5.905e-02             250.651           5.289e-01             251.067           1.000e+02     
 110.000          40.000            6.344e-01           9.809e-02             250.819           5.363e-01             251.210           1.000e+02     
 115.000          40.000            6.911e-01           1.462e-01             251.022           5.449e-01             251.397           1.000e+02     
 120.000          40.000            7.573e-01           2.026e-01             251.263           5.547e-01             251.625           1.000e+02     
 125.000          40.000            8.317e-01           2.664e-01             251.540           5.653e-01             251.894           1.000e+02     
 130.000          40.000            9.128e-01           3.361e-01             251.852           5.767e-01             252.202           1.000e+02     
 135.000          40.000            9.986e-01           4.101e-01             252.197           5.885e-01             252.548           1.000e+02     
 140.000          40.000            1.087e+00           4.866e-01             252.573           6.005e-01             252.929           1.000e+02     
 145.000          40.000            1.176e+00           5.632e-01             252.977           6.123e-01             253.343           1.000e+02     
 150.000          40.000            1.261e+00           6.375e-01             253.406           6.237e-01             253.788           1.000e+02     
 155.000          40.000            1.341e+00           7.068e-01             253.857           6.345e-01             254.260           1.000e+02     
 160.000          40.000            1.413e+00           7.686e-01             254.325           6.442e-01             254.756           1.000e+02     
 165.000          40.000            1.473e+00           8.203e-01             254.808           6.528e-01             255.272           1.000e+02     
 170.000          40.000            1.520e+00           8.597e-01             255.300           6.599e-01             255.805           1.000e+02     
 175.000          40.000            1.550e+00           8.850e-01             255.798           6.653e-01             256.350           1.000e+02     
 180.000          40.000            1.564e+00           8.951e-01             256.297           6.691e-01             256.903           1.000e+02     
   0.000          45.000            1.474e+00           7.186e-01              76.744           7.559e-01             257.043           1.000e+02     
   5.000          45.000            1.456e+00           7.055e-01              76.203           7.505e-01             256.526           1.000e+02     
  10.000          45.000            1.424e+00           6.804e-01              75.673           7.438e-01             256.014           1.000e+02     
  15.000          45.000            1.380e+00           6.443e-01              75.156           7.360e-01             255.514           1.000e+02     
  20.000          45.000            1.326e+00           5.988e-01              74.657           7.273e-01             255.028           1.000e+02     
  25.000          45.000            1.263e+00           5.457e-01              74.178           7.178e-01             254.559           1.000e+02     
  30.000          45.000            1.195e+00           4.872e-01              73.722           7.078e-01             254.112           1.000e+02     
  35.000          45.000            1.123e+00           4.254e-01              73.291           6.976e-01             253.688           1.000e+02     
  40.000          45.000            1.050e+00           3.623e-01              72.888           6.874e-01             253.292           1.000e+02     
  45.000          45.000            9.778e-01           3.001e-01              72.516           6.776e-01             252.925           1.000e+02     
  50.000          45.000            9.091e-01           2.406e-01              72.176           6.684e-01             252.589           1.000e+02     
  55.000          45.000            8.454e-01           1.854e-01              71.871           6.600e-01             252.287           1.000e+02     
  60.000          45.000            7.884e-01           1.357e-01              71.603           6.527e-01             252.021           1.000e+02     
  65.000          45.000            7.394e-01           9.279e-02              71.372           6.466e-01             251.791           1.000e+02     
  70.000          45.000            6.992e-01           5.737e-02              71.179           6.419e-01             251.600           1.000e+02     
  75.000          45.000            6.688e-01           3.010e-02              71.024           6.387e-01             251.447           1.000e+02     
  80.000          45.000            6.485e-01           1.142e-02              70.905           6.371e-01             251.334           1.000e+02     
  85.000          45.000            6.387e-01           1.586e-03              70.788           6.371e-01             251.262           1.000e+02     
  90.000          45.000            6.397e-01           7.465e-04             250.962           6.389e-01             251.231           1.000e+02     
  95.000          45.000            6.513e-01           8.909e-03             250.897           6.424e-01             251.241           1.000e+02     
 100.000          45.000            6.734e-01           2.597e-02             250.943           6.475e-01             251.293           1.000e+02     
 105.000          45.000            7.058e-01           5.169e-02             251.038           6.542e-01             251.385           1.000e+02     
 110.000          45.000            7.480e-01           8.571e-02             251.176           6.623e-01             251.519           1.000e+02     
 115.000          45.000            7.992e-01           1.275e-01             251.355           6.718e-01             251.692           1.000e+02     
 120.000          45.000            8.587e-01           1.763e-01             251.572           6.824e-01             251.906           1.000e+02     
 125.000          45.000            9.251e-01           2.311e-01             251.826           6.939e-01             252.157           1.000e+02     
 130.000          45.000            9.970e-01           2.909e-01             252.114           7.062e-01             252.446           1.000e+02     
 135.000          45.000            1.073e+00           3.540e-01             252.434           7.189e-01             252.770           1.000e+02     
 140.000          45.000            1.151e+00           4.189e-01             252.784           7.317e-01             253.127           1.000e+02     
 145.000          45.000            1.228e+00           4.835e-01             253.159           7.444e-01             253.515           1.000e+02     
 150.000          45.000            1.302e+00           5.459e-01             253.559           7.566e-01             253.931           1.000e+02     
 155.000          45.000            1.372e+00           6.038e-01             253.978           7.680e-01             254.373           1.000e+02     
 160.000          45.000            1.434e+00           6.552e-01             254.415           7.785e-01             254.838           1.000e+02     
 165.000          45.000            1.486e+00           6.980e-01             254.864           7.876e-01             255.321           1.000e+02     
 170.000          45.000            1.526e+00           7.304e-01             255.322           7.952e-01             255.820           1.000e+02     
 175.000          45.000            1.552e+00           7.510e-01             255.785           8.011e-01             256.330           1.000e+02     
 180.000          45.000            1.564e+00           7.590e-01             256.248           8.052e-01             256.847           1.000e+02     
   0.000          50.000            1.474e+00           5.909e-01              76.714           8.835e-01             257.020           1.000e+02     
   5.000          50.000            1.458e+00           5.805e-01              76.205           8.780e-01             256.541           1.000e+02     
  10.000          50.000            1.431e+00           5.603e-01              75.705           8.712e-01             256.068           1.000e+02     
  15.000          50.000            1.395e+00           5.313e-01              75.219           8.633e-01             255.605           1.000e+02     
  20.000          50.000            1.349e+00           4.946e-01              74.749           8.545e-01             255.154           1.000e+02     
  25.000          50.000            1.297e+00           4.516e-01              74.296           8.450e-01             254.719           1.000e+02     
  30.000          50.000            1.239e+00           4.041e-01              73.865           8.351e-01             254.304           1.000e+02     
  35.000          50.000            1.179e+00           3.536e-01              73.458           8.251e-01             253.910           1.000e+02     
  40.000          50.000            1.117e+00           3.019e-01              73.076           8.151e-01             253.541           1.000e+02     
  45.000          50.000            1.056e+00           2.507e-01              72.721           8.055e-01             253.199           1.000e+02     
  50.000          50.000            9.980e-01           2.015e-01              72.396           7.965e-01             252.887           1.000e+02     
  55.000          50.000            9.439e-01           1.556e-01              72.101           7.883e-01             252.605           1.000e+02     
  60.000          50.000            8.954e-01           1.141e-01              71.837           7.813e-01             252.355           1.000e+02     
  65.000          50.000            8.536e-01           7.816e-02              71.603           7.754e-01             252.140           1.000e+02     
  70.000          50.000            8.194e-01           4.837e-02              71.397           7.710e-01             251.960           1.000e+02     
  75.000          50.000            7.935e-01           2.538e-02              71.206           7.681e-01             251.816           1.000e+02     
  80.000          50.000            7.765e-01           9.609e-03              70.992           7.669e-01             251.710           1.000e+02     
  85.000          50.000            7.686e-01           1.319e-03              70.438           7.673e-01             251.641           1.000e+02     
  90.000          50.000            7.701e-01           6.534e-04             252.300           7.695e-01             251.610           1.000e+02     
  95.000          50.000            7.809e-01           7.628e-03             251.532           7.733e-01             251.618           1.000e+02     
 100.000          50.000            8.010e-01           2.214e-02             251.452           7.788e-01             251.664           1.000e+02     
 105.000          50.000            8.299e-01           4.395e-02             251.489           7.859e-01             251.748           1.000e+02     
 110.000          50.000            8.672e-01           7.270e-02             251.589           7.945e-01             251.871           1.000e+02     
 115.000          50.000            9.122e-01           1.079e-01             251.737           8.044e-01             252.031           1.000e+02     
 120.000          50.000            9.641e-01           1.488e-01             251.925           8.154e-01             252.228           1.000e+02     
 125.000          50.000            1.022e+00           1.946e-01             252.151           8.273e-01             252.460           1.000e+02     
 130.000          50.000            1.084e+00           2.442e-01             252.411           8.398e-01             252.727           1.000e+02     
 135.000          50.000            1.149e+00           2.963e-01             252.701           8.528e-01             253.027           1.000e+02     
 140.000          50.000            1.215e+00           3.496e-01             253.019           8.659e-01             253.357           1.000e+02     
 145.000          50.000            1.281e+00           4.025e-01             253.363           8.787e-01             253.716           1.000e+02     
 150.000          50.000            1.344e+00           4.532e-01             253.729           8.911e-01             254.102           1.000e+02     
 155.000          50.000            1.403e+00           5.001e-01             254.113           9.027e-01             254.511           1.000e+02     
 160.000          50.000            1.455e+00           5.414e-01             254.512           9.133e-01             254.941           1.000e+02     
 165.000          50.000            1.498e+00           5.756e-01             254.924           9.225e-01             255.388           1.000e+02     
 170.000          50.000            1.532e+00           6.014e-01             255.343           9.303e-01             255.850           1.000e+02     
 175.000          50.000            1.554e+00           6.176e-01             255.766           9.363e-01             256.322           1.000e+02     
 180.000          50.000            1.564e+00           6.236e-01             256.189           9.406e-01             256.801           1.000e+02     
   0.000          55.000            1.474e+00           4.676e-01              76.678           1.007e+00             256.999           1.000e+02     
   5.000          55.000            1.461e+00           4.596e-01              76.201           1.001e+00             256.563           1.000e+02     
  10.000          55.000            1.439e+00           4.441e-01              75.734           9.947e-01             256.131           1.000e+02     
  15.000          55.000            1.409e+00           4.216e-01              75.279           9.872e-01             255.708           1.000e+02     
  20.000          55.000            1.372e+00           3.931e-01              74.839           9.789e-01             255.295           1.000e+02     
  25.000          55.000            1.330e+00           3.596e-01              74.415           9.700e-01             254.898           1.000e+02     
  30.000          55.000            1.283e+00           3.224e-01              74.011           9.608e-01             254.517           1.000e+02     
  35.000          55.000            1.234e+00           2.827e-01              73.627           9.515e-01             254.156           1.000e+02     
  40.000          55.000            1.184e+00           2.420e-01              73.266           9.423e-01             253.817           1.000e+02     
  45.000          55.000            1.135e+00           2.014e-01              72.929           9.335e-01             253.503           1.000e+02     
  50.000          55.000            1.087e+00           1.622e-01              72.617           9.253e-01             253.215           1.000e+02     
  55.000          55.000            1.043e+00           1.255e-01              72.330           9.179e-01             252.955           1.000e+02     
  60.000          55.000            1.004e+00           9.220e-02              72.068           9.116e-01             252.725           1.000e+02     
  65.000          55.000            9.697e-01           6.320e-02              71.826           9.065e-01             252.526           1.000e+02     
  70.000          55.000            9.418e-01           3.913e-02              71.596           9.027e-01             252.359           1.000e+02     
  75.000          55.000            9.209e-01           2.051e-02              71.352           9.004e-01             252.226           1.000e+02     
  80.000          55.000            9.074e-01           7.730e-03              71.003           8.997e-01             252.126           1.000e+02     
  85.000          55.000            9.017e-01           1.036e-03              69.812           9.006e-01             252.061           1.000e+02     
  90.000          55.000            9.037e-01           5.640e-04             253.983           9.032e-01             252.031           1.000e+02     
  95.000          55.000            9.137e-01           6.328e-03             252.300           9.074e-01             252.036           1.000e+02     
 100.000          55.000            9.313e-01           1.823e-02             252.050           9.131e-01             252.077           1.000e+02     
 105.000          55.000            9.564e-01           3.605e-02             252.010           9.203e-01             252.152           1.000e+02     
 110.000          55.000            9.884e-01           5.945e-02             252.059           9.290e-01             252.263           1.000e+02     
 115.000          55.000            1.027e+00           8.797e-02             252.168           9.388e-01             252.409           1.000e+02     
 120.000          55.000            1.071e+00           1.210e-01             252.321           9.497e-01             252.588           1.000e+02     
 125.000          55.000            1.119e+00           1.578e-01             252.513           9.614e-01             252.799           1.000e+02     
 130.000          55.000            1.171e+00           1.974e-01             252.739           9.736e-01             253.042           1.000e+02     
 135.000          55.000            1.225e+00           2.389e-01             252.995           9.863e-01             253.316           1.000e+02     
 140.000          55.000            1.280e+00           2.810e-01             253.278           9.989e-01             253.617           1.000e+02     
 145.000          55.000            1.334e+00           3.226e-01             253.585           1.011e+00             253.945           1.000e+02     
 150.000          55.000            1.386e+00           3.622e-01             253.912           1.023e+00             254.297           1.000e+02     
 155.000          55.000            1.433e+00           3.987e-01             254.256           1.035e+00             254.670           1.000e+02     
 160.000          55.000            1.475e+00           4.307e-01             254.614           1.045e+00             255.062           1.000e+02     
 165.000          55.000            1.511e+00           4.570e-01             254.983           1.054e+00             255.471           1.000e+02     
 170.000          55.000            1.538e+00           4.766e-01             255.359           1.061e+00             255.892           1.000e+02     
 175.000          55.000            1.556e+00           4.888e-01             255.737           1.067e+00             256.323           1.000e+02     
 180.000          55.000            1.564e+00           4.930e-01             256.115           1.071e+00             256.760           1.000e+02     
   0.000          60.000            1.474e+00           3.526e-01              76.630           1.122e+00             256.981           1.000e+02     
   5.000          60.000            1.463e+00           3.467e-01              76.187           1.117e+00             256.590           1.000e+02     
  10.000          60.000            1.446e+00           3.352e-01              75.753           1.111e+00             256.202           1.000e+02     
  15.000          60.000            1.423e+00           3.186e-01              75.330           1.104e+00             255.821           1.000e+02     
  20.000          60.000            1.394e+00           2.975e-01              74.920           1.097e+00             255.450           1.000e+02     
  25.000          60.000            1.361e+00           2.726e-01              74.525           1.089e+00             255.092           1.000e+02     
  30.000          60.000            1.326e+00           2.448e-01              74.146           1.081e+00             254.749           1.000e+02     
  35.000          60.000            1.288e+00           2.151e-01              73.785           1.073e+00             254.423           1.000e+02     
  40.000          60.000            1.249e+00           1.844e-01              73.444           1.065e+00             254.118           1.000e+02     
  45.000          60.000            1.211e+00           1.538e-01              73.123           1.057e+00             253.833           1.000e+02     
  50.000          60.000            1.175e+00           1.241e-01              72.821           1.051e+00             253.573           1.000e+02     
  55.000          60.000            1.141e+00           9.611e-02              72.539           1.044e+00             253.337           1.000e+02     
  60.000          60.000            1.110e+00           7.070e-02              72.272           1.039e+00             253.128           1.000e+02     
  65.000          60.000            1.084e+00           4.848e-02              72.013           1.035e+00             252.947           1.000e+02     
  70.000          60.000            1.063e+00           2.999e-02              71.745           1.033e+00             252.794           1.000e+02     
  75.000          60.000            1.047e+00           1.568e-02              71.419           1.031e+00             252.672           1.000e+02     
  80.000          60.000            1.037e+00           5.858e-03              70.868           1.031e+00             252.580           1.000e+02     
  85.000          60.000            1.033e+00           7.540e-04              68.700           1.033e+00             252.519           1.000e+02     
  90.000          60.000            1.036e+00           4.803e-04             256.079           1.036e+00             252.490           1.000e+02     
  95.000          60.000            1.045e+00           5.049e-03             253.235           1.040e+00             252.493           1.000e+02     
 100.000          60.000            1.060e+00           1.437e-02             252.756           1.046e+00             252.528           1.000e+02     
 105.000          60.000            1.081e+00           2.826e-02             252.610           1.053e+00             252.594           1.000e+02     
 110.000          60.000            1.108e+00           4.642e-02             252.593           1.061e+00             252.693           1.000e+02     
 115.000          60.000            1.139e+00           6.845e-02             252.650           1.071e+00             252.822           1.000e+02     
 120.000          60.000            1.175e+00           9.384e-02             252.760           1.081e+00             252.982           1.000e+02     
 125.000          60.000            1.214e+00           1.220e-01             252.911           1.092e+00             253.171           1.000e+02     
 130.000          60.000            1.255e+00           1.522e-01             253.097           1.103e+00             253.389           1.000e+02     
 135.000          60.000            1.299e+00           1.835e-01             253.313           1.115e+00             253.633           1.000e+02     
 140.000          60.000            1.342e+00           2.153e-01             253.555           1.127e+00             253.904           1.000e+02     
 145.000          60.000            1.384e+00           2.464e-01             253.819           1.138e+00             254.197           1.000e+02     
 150.000          60.000            1.425e+00           2.759e-01             254.103           1.149e+00             254.513           1.000e+02     
 155.000          60.000            1.462e+00           3.029e-01             254.402           1.159e+00             254.848           1.000e+02     
 160.000          60.000            1.495e+00           3.264e-01             254.714           1.169e+00             255.200           1.000e+02     
 165.000          60.000            1.522e+00           3.456e-01             255.036           1.177e+00             255.566           1.000e+02     
 170.000          60.000            1.543e+00           3.598e-01             255.363           1.184e+00             255.945           1.000e+02     
 175.000          60.000            1.557e+00           3.685e-01             255.692           1.189e+00             256.331           1.000e+02     
 180.000          60.000            1.564e+00           3.712e-01             256.019           1.193e+00             256.724           1.000e+02     
   0.000          65.000            1.474e+00           2.492e-01              76.565           1.225e+00             256.965           1.000e+02     
   5.000          65.000            1.466e+00           2.451e-01              76.154           1.221e+00             256.621           1.000e+02     
  10.000          65.000            1.453e+00           2.372e-01              75.751           1.216e+00             256.279           1.000e+02     
  15.000          65.000            1.435e+00           2.256e-01              75.358           1.210e+00             255.944           1.000e+02     
  20.000          65.000            1.415e+00           2.108e-01              74.976           1.204e+00             255.617           1.000e+02     
  25.000          65.000            1.391e+00           1.934e-01              74.607           1.198e+00             255.301           1.000e+02     
  30.000          65.000            1.365e+00           1.740e-01              74.252           1.191e+00             254.998           1.000e+02     
  35.000          65.000            1.338e+00           1.531e-01              73.911           1.185e+00             254.710           1.000e+02     
  40.000          65.000            1.310e+00           1.314e-01              73.586           1.179e+00             254.439           1.000e+02     
  45.000          65.000            1.283e+00           1.097e-01              73.276           1.173e+00             254.187           1.000e+02     
  50.000          65.000            1.257e+00           8.861e-02              72.979           1.168e+00             253.956           1.000e+02     
  55.000          65.000            1.232e+00           6.870e-02              72.692           1.164e+00             253.746           1.000e+02     
  60.000          65.000            1.211e+00           5.054e-02              72.409           1.160e+00             253.560           1.000e+02     
  65.000          65.000            1.192e+00           3.462e-02              72.117           1.157e+00             253.398           1.000e+02     
  70.000          65.000            1.177e+00           2.136e-02              71.783           1.156e+00             253.261           1.000e+02     
  75.000          65.000            1.167e+00           1.110e-02              71.328           1.156e+00             253.151           1.000e+02     
  80.000          65.000            1.160e+00           4.086e-03              70.457           1.156e+00             253.068           1.000e+02     
  85.000          65.000            1.159e+00           4.900e-04              66.642           1.158e+00             253.012           1.000e+02     
  90.000          65.000            1.162e+00           4.042e-04             258.674           1.162e+00             252.984           1.000e+02     
  95.000          65.000            1.170e+00           3.836e-03             254.398           1.166e+00             252.985           1.000e+02     
 100.000          65.000            1.183e+00           1.071e-02             253.602           1.172e+00             253.013           1.000e+02     
 105.000          65.000            1.199e+00           2.088e-02             253.310           1.179e+00             253.070           1.000e+02     
 110.000          65.000            1.220e+00           3.410e-02             253.202           1.186e+00             253.155           1.000e+02     
 115.000          65.000            1.245e+00           5.006e-02             253.192           1.195e+00             253.267           1.000e+02     
 120.000          65.000            1.273e+00           6.836e-02             253.245           1.204e+00             253.406           1.000e+02     
 125.000          65.000            1.303e+00           8.855e-02             253.345           1.214e+00             253.572           1.000e+02     
 130.000          65.000            1.334e+00           1.101e-01             253.482           1.224e+00             253.762           1.000e+02     
 135.000          65.000            1.367e+00           1.324e-01             253.650           1.234e+00             253.976           1.000e+02     
 140.000          65.000            1.399e+00           1.547e-01             253.844           1.245e+00             254.213           1.000e+02     
 145.000          65.000            1.431e+00           1.766e-01             254.059           1.255e+00             254.471           1.000e+02     
 150.000          65.000            1.461e+00           1.972e-01             254.293           1.264e+00             254.748           1.000e+02     
 155.000          65.000            1.489e+00           2.158e-01             254.542           1.273e+00             255.042           1.000e+02     
 160.000          65.000            1.513e+00           2.320e-01             254.802           1.281e+00             255.352           1.000e+02     
 165.000          65.000            1.533e+00           2.451e-01             255.070           1.288e+00             255.674           1.000e+02     
 170.000          65.000            1.549e+00           2.547e-01             255.343           1.294e+00             256.006           1.000e+02     
 175.000          65.000            1.559e+00           2.603e-01             255.617           1.299e+00             256.346           1.000e+02     
 180.000          65.000            1.564e+00           2.619e-01             255.888           1.302e+00             256.691           1.000e+02     
   0.000          70.000            1.474e+00           1.607e-01              76.469           1.314e+00             256.950           1.000e+02     
   5.000          70.000            1.468e+00           1.580e-01              76.084           1.310e+00             256.655           1.000e+02     
  10.000          70.000            1.459e+00           1.529e-01              75.707           1.306e+00             256.363           1.000e+02     
  15.000          70.000            1.447e+00           1.455e-01              75.338           1.302e+00             256.075           1.000e+02     
  20.000          70.000            1.433e+00           1.361e-01              74.978           1.297e+00             255.795           1.000e+02     
  25.000          70.000            1.418e+00           1.249e-01              74.629           1.293e+00             255.523           1.000e+02     
  30.000          70.000            1.401e+00           1.124e-01              74.290           1.288e+00             255.262           1.000e+02     
  35.000          70.000            1.383e+00           9.898e-02              73.962           1.284e+00             255.014           1.000e+02     
  40.000          70.000            1.365e+00           8.504e-02              73.644           1.280e+00             254.780           1.000e+02     
  45.000          70.000            1.347e+00           7.103e-02              73.333           1.276e+00             254.562           1.000e+02     
  50.000          70.000            1.331e+00           5.736e-02              73.027           1.273e+00             254.362           1.000e+02     
  55.000          70.000            1.315e+00           4.444e-02              72.720           1.271e+00             254.180           1.000e+02     
  60.000          70.000            1.301e+00           3.264e-02              72.398           1.269e+00             254.018           1.000e+02     
  65.000          70.000            1.290e+00           2.229e-02              72.038           1.268e+00             253.877           1.000e+02     
  70.000          70.000            1.281e+00           1.368e-02              71.588           1.268e+00             253.757           1.000e+02     
  75.000          70.000            1.275e+00           7.025e-03              70.907           1.268e+00             253.660           1.000e+02     
  80.000          70.000            1.272e+00           2.515e-03              69.477           1.270e+00             253.586           1.000e+02     
  85.000          70.000            1.273e+00           2.656e-04              62.432           1.273e+00             253.536           1.000e+02     
  90.000          70.000            1.277e+00           3.369e-04             261.864           1.276e+00             253.510           1.000e+02     
  95.000          70.000            1.283e+00           2.731e-03             255.902           1.281e+00             253.508           1.000e+02     
 100.000          70.000            1.293e+00           7.394e-03             254.658           1.286e+00             253.530           1.000e+02     
 105.000          70.000            1.307e+00           1.421e-02             254.154           1.292e+00             253.576           1.000e+02     
 110.000          70.000            1.322e+00           2.301e-02             253.914           1.299e+00             253.647           1.000e+02     
 115.000          70.000            1.340e+00           3.357e-02             253.808           1.307e+00             253.741           1.000e+02     
 120.000          70.000            1.360e+00           4.561e-02             253.784           1.315e+00             253.858           1.000e+02     
 125.000          70.000            1.382e+00           5.882e-02             253.817           1.323e+00             253.998           1.000e+02     
 130.000          70.000            1.405e+00           7.282e-02             253.892           1.332e+00             254.160           1.000e+02     
 135.000          70.000            1.428e+00           8.723e-02             254.000           1.340e+00             254.342           1.000e+02     
 140.000          70.000            1.450e+00           1.016e-01             254.135           1.349e+00             254.544           1.000e+02     
 145.000          70.000            1.473e+00           1.156e-01             254.293           1.357e+00             254.763           1.000e+02     
 150.000          70.000            1.493e+00           1.286e-01             254.468           1.365e+00             255.000           1.000e+02     
 155.000          70.000            1.512e+00           1.404e-01             254.657           1.372e+00             255.251           1.000e+02     
 160.000          70.000            1.529e+00           1.505e-01             254.857           1.379e+00             255.515           1.000e+02     
 165.000          70.000            1.543e+00           1.586e-01             255.064           1.384e+00             255.790           1.000e+02     
 170.000          70.000            1.553e+00           1.644e-01             255.275           1.389e+00             256.074           1.000e+02     
 175.000          70.000            1.561e+00           1.677e-01             255.486           1.393e+00             256.365           1.000e+02     
 180.000          70.000            1.564e+00           1.684e-01             255.694           1.396e+00             256.661           1.000e+02     
   0.000          75.000            1.474e+00           8.965e-02              76.309           1.385e+00             256.935           1.000e+02     
   5.000          75.000            1.470e+00           8.810e-02              75.936           1.382e+00             256.692           1.000e+02     
  10.000          75.000            1.465e+00           8.520e-02              75.569           1.380e+00             256.451           1.000e+02     
  15.000          75.000            1.458e+00           8.103e-02              75.209           1.377e+00             256.213           1.000e+02     
  20.000          75.000            1.450e+00           7.574e-02              74.857           1.374e+00             255.981           1.000e+02     
  25.000          75.000            1.441e+00           6.950e-02              74.510           1.371e+00             255.756           1.000e+02     
  30.000          75.000            1.431e+00           6.252e-02              74.170           1.369e+00             255.539           1.000e+02     
  35.000          75.000            1.422e+00           5.501e-02              73.835           1.367e+00             255.333           1.000e+02     
  40.000          75.000            1.412e+00           4.722e-02              73.501           1.365e+00             255.138           1.000e+02     
  45.000          75.000            1.402e+00           3.938e-02              73.165           1.363e+00             254.956           1.000e+02     
  50.000          75.000            1.394e+00           3.174e-02              72.819           1.362e+00             254.788           1.000e+02     
  55.000          75.000            1.386e+00           2.451e-02              72.450           1.361e+00             254.635           1.000e+02     
  60.000          75.000            1.379e+00           1.792e-02              72.037           1.361e+00             254.499           1.000e+02     
  65.000          75.000            1.374e+00           1.215e-02              71.535           1.362e+00             254.380           1.000e+02     
  70.000          75.000            1.370e+00           7.360e-03              70.847           1.363e+00             254.278           1.000e+02     
  75.000          75.000            1.368e+00           3.695e-03              69.712           1.364e+00             254.195           1.000e+02     
  80.000          75.000            1.368e+00           1.254e-03              67.109           1.367e+00             254.131           1.000e+02     
  85.000          75.000            1.370e+00           1.039e-04              51.761           1.370e+00             254.087           1.000e+02     
  90.000          75.000            1.374e+00           2.792e-04             265.757           1.374e+00             254.062           1.000e+02     
  95.000          75.000            1.380e+00           1.777e-03             257.977           1.378e+00             254.057           1.000e+02     
 100.000          75.000            1.388e+00           4.560e-03             256.076           1.383e+00             254.073           1.000e+02     
 105.000          75.000            1.397e+00           8.555e-03             255.241           1.389e+00             254.108           1.000e+02     
 110.000          75.000            1.409e+00           1.366e-02             254.795           1.395e+00             254.164           1.000e+02     
 115.000          75.000            1.421e+00           1.973e-02             254.542           1.401e+00             254.239           1.000e+02     
 120.000          75.000            1.434e+00           2.660e-02             254.401           1.408e+00             254.334           1.000e+02     
 125.000          75.000            1.449e+00           3.408e-02             254.336           1.415e+00             254.447           1.000e+02     
 130.000          75.000            1.464e+00           4.196e-02             254.323           1.422e+00             254.578           1.000e+02     
 135.000          75.000            1.478e+00           5.002e-02             254.350           1.428e+00             254.726           1.000e+02     
 140.000          75.000            1.493e+00           5.800e-02             254.409           1.435e+00             254.891           1.000e+02     
 145.000          75.000            1.507e+00           6.568e-02             254.491           1.441e+00             255.071           1.000e+02     
 150.000          75.000            1.520e+00           7.282e-02             254.592           1.447e+00             255.265           1.000e+02     
 155.000          75.000            1.532e+00           7.919e-02             254.708           1.453e+00             255.471           1.000e+02     
 160.000          75.000            1.543e+00           8.459e-02             254.834           1.458e+00             255.688           1.000e+02     
 165.000          75.000            1.551e+00           8.884e-02             254.967           1.462e+00             255.914           1.000e+02     
 170.000          75.000            1.558e+00           9.182e-02             255.103           1.466e+00             256.148           1.000e+02     
 175.000          75.000            1.562e+00           9.340e-02             255.238           1.469e+00             256.388           1.000e+02     
 180.000          75.000            1.564e+00           9.355e-02             255.368           1.471e+00             256.632           1.000e+02     
   0.000          80.000            1.474e+00           3.831e-02              75.981           1.436e+00             256.922           1.000e+02     
   5.000          80.000            1.472e+00           3.754e-02              75.576           1.435e+00             256.732           1.000e+02     
  10.000          80.000            1.470e+00           3.621e-02              75.177           1.433e+00             256.543           1.000e+02     
  15.000          80.000            1.467e+00           3.434e-02              74.783           1.432e+00             256.356           1.000e+02     
  20.000          80.000            1.463e+00           3.201e-02              74.390           1.431e+00             256.174           1.000e+02     
  25.000          80.000            1.460e+00           2.929e-02              73.998           1.431e+00             255.997           1.000e+02     
  30.000          80.000            1.456e+00           2.626e-02              73.604           1.430e+00             255.826           1.000e+02     
  35.000          80.000            1.453e+00           2.302e-02              73.202           1.430e+00             255.663           1.000e+02     
  40.000          80.000            1.449e+00           1.967e-02              72.786           1.429e+00             255.509           1.000e+02     
  45.000          80.000            1.446e+00           1.632e-02              72.347           1.430e+00             255.364           1.000e+02     
  50.000          80.000            1.443e+00           1.306e-02              71.866           1.430e+00             255.231           1.000e+02     
  55.000          80.000            1.441e+00           9.990e-03              71.318           1.431e+00             255.109           1.000e+02     
  60.000          80.000            1.440e+00           7.208e-03              70.651           1.433e+00             254.999           1.000e+02     
  65.000          80.000            1.439e+00           4.795e-03              69.770           1.434e+00             254.902           1.000e+02     
  70.000          80.000            1.440e+00           2.820e-03              68.454           1.437e+00             254.820           1.000e+02     
  75.000          80.000            1.441e+00           1.341e-03              66.075           1.439e+00             254.751           1.000e+02     
  80.000          80.000            1.443e+00           4.007e-04              59.914           1.442e+00             254.698           1.000e+02     
  85.000          80.000            1.446e+00           2.720e-05              11.670           1.446e+00             254.659           1.000e+02     
  90.000          80.000            1.450e+00           2.315e-04             270.450           1.450e+00             254.637           1.000e+02     
  95.000          80.000            1.455e+00           1.009e-03             261.165           1.454e+00             254.629           1.000e+02     
 100.000          80.000            1.461e+00           2.338e-03             258.263           1.459e+00             254.638           1.000e+02     
 105.000          80.000            1.468e+00           4.181e-03             256.859           1.464e+00             254.662           1.000e+02     
 110.000          80.000            1.475e+00           6.488e-03             256.043           1.469e+00             254.702           1.000e+02     
 115.000          80.000            1.483e+00           9.193e-03             255.522           1.474e+00             254.757           1.000e+02     
 120.000          80.000            1.492e+00           1.222e-02             255.174           1.479e+00             254.828           1.000e+02     
 125.000          80.000            1.500e+00           1.548e-02             254.936           1.485e+00             254.913           1.000e+02     
 130.000          80.000            1.509e+00           1.887e-02             254.776           1.490e+00             255.013           1.000e+02     
 135.000          80.000            1.518e+00           2.231e-02             254.670           1.495e+00             255.127           1.000e+02     
 140.000          80.000            1.526e+00           2.568e-02             254.606           1.500e+00             255.253           1.000e+02     
 145.000          80.000            1.534e+00           2.888e-02             254.573           1.505e+00             255.391           1.000e+02     
 150.000          80.000            1.541e+00           3.182e-02             254.564           1.509e+00             255.541           1.000e+02     
 155.000          80.000            1.547e+00           3.440e-02             254.572           1.513e+00             255.700           1.000e+02     
 160.000          80.000            1.553e+00           3.654e-02             254.592           1.516e+00             255.869           1.000e+02     
 165.000          80.000            1.558e+00           3.818e-02             254.619           1.519e+00             256.045           1.000e+02     
 170.000          80.000            1.561e+00           3.926e-02             254.649           1.522e+00             256.227           1.000e+02     
 175.000          80.000            1.563e+00           3.974e-02             254.676           1.523e+00             256.414           1.000e+02     
 180.000          80.000            1.564e+00           3.962e-02             254.697           1.525e+00             256.605           1.000e+02     
   0.000          85.000            1.474e+00           8.204e-03              74.896           1.466e+00             256.908           1.000e+02     
   5.000          85.000            1.474e+00           7.949e-03              74.254           1.466e+00             256.773           1.000e+02     
  10.000          85.000            1.474e+00           7.578e-03              73.609           1.466e+00             256.638           1.000e+02     
  15.000          85.000            1.474e+00           7.104e-03              72.955           1.467e+00             256.504           1.000e+02     
  20.000          85.000            1.474e+00           6.540e-03              72.285           1.467e+00             256.373           1.000e+02     
  25.000          85.000            1.474e+00           5.904e-03              71.591           1.468e+00             256.245           1.000e+02     
  30.000          85.000            1.474e+00           5.215e-03              70.859           1.469e+00             256.121           1.000e+02     
  35.000          85.000            1.475e+00           4.496e-03              70.071           1.470e+00             256.003           1.000e+02     
  40.000          85.000            1.475e+00           3.767e-03              69.202           1.472e+00             255.890           1.000e+02     
  45.000          85.000            1.476e+00           3.053e-03              68.213           1.473e+00             255.785           1.000e+02     
  50.000          85.000            1.478e+00           2.373e-03              67.037           1.475e+00             255.686           1.000e+02     
  55.000          85.000            1.479e+00           1.750e-03              65.566           1.478e+00             255.596           1.000e+02     
  60.000          85.000            1.481e+00           1.201e-03              63.590           1.480e+00             255.514           1.000e+02     
  65.000          85.000            1.484e+00           7.446e-04              60.665           1.483e+00             255.441           1.000e+02     
  70.000          85.000            1.486e+00           3.929e-04              55.677           1.486e+00             255.378           1.000e+02     
  75.000          85.000            1.489e+00           1.568e-04              44.931           1.489e+00             255.325           1.000e+02     
  80.000          85.000            1.493e+00           4.328e-05              11.062           1.493e+00             255.282           1.000e+02     
  85.000          85.000            1.497e+00           5.575e-05             302.198           1.497e+00             255.250           1.000e+02     
  90.000          85.000            1.501e+00           1.938e-04             276.002           1.501e+00             255.229           1.000e+02     
  95.000          85.000            1.505e+00           4.533e-04             267.076           1.505e+00             255.219           1.000e+02     
 100.000          85.000            1.510e+00           8.266e-04             262.765           1.509e+00             255.220           1.000e+02     
 105.000          85.000            1.514e+00           1.303e-03             260.232           1.513e+00             255.233           1.000e+02     
 110.000          85.000            1.519e+00           1.867e-03             258.563           1.517e+00             255.257           1.000e+02     
 115.000          85.000            1.524e+00           2.504e-03             257.377           1.522e+00             255.292           1.000e+02     
 120.000          85.000            1.529e+00           3.193e-03             256.492           1.526e+00             255.338           1.000e+02     
 125.000          85.000            1.534e+00           3.914e-03             255.806           1.530e+00             255.394           1.000e+02     
 130.000          85.000            1.539e+00           4.645e-03             255.258           1.534e+00             255.462           1.000e+02     
 135.000          85.000            1.543e+00           5.365e-03             254.811           1.538e+00             255.539           1.000e+02     
 140.000          85.000            1.548e+00           6.050e-03             254.437           1.541e+00             255.626           1.000e+02     
 145.000          85.000            1.551e+00           6.680e-03             254.118           1.545e+00             255.721           1.000e+02     
 150.000          85.000            1.555e+00           7.235e-03             253.838           1.548e+00             255.825           1.000e+02     
 155.000          85.000            1.558e+00           7.697e-03             253.587           1.550e+00             255.937           1.000e+02     
 160.000          85.000            1.560e+00           8.054e-03             253.355           1.552e+00             256.055           1.000e+02     
 165.000          85.000            1.562e+00           8.292e-03             253.132           1.554e+00             256.180           1.000e+02     
 170.000          85.000            1.563e+00           8.405e-03             252.910           1.555e+00             256.309           1.000e+02     
 175.000          85.000            1.564e+00           8.390e-03             252.681           1.556e+00             256.442           1.000e+02     
 180.000          85.000            1.564e+00           8.246e-03             252.437           1.556e+00             256.578           1.000e+02     
   0.000          90.000            1.474e+00           2.460e-04             268.562           1.474e+00             256.895           1.000e+02     
   5.000          90.000            1.476e+00           2.835e-04             270.396           1.475e+00             256.815           1.000e+02     
  10.000          90.000            1.477e+00           3.192e-04             271.949           1.477e+00             256.734           1.000e+02     
  15.000          90.000            1.479e+00           3.519e-04             273.282           1.479e+00             256.654           1.000e+02     
  20.000          90.000            1.481e+00           3.804e-04             274.438           1.480e+00             256.574           1.000e+02     
  25.000          90.000            1.483e+00           4.039e-04             275.447           1.482e+00             256.497           1.000e+02     
  30.000          90.000            1.485e+00           4.214e-04             276.333           1.485e+00             256.422           1.000e+02     
  35.000          90.000            1.487e+00           4.323e-04             277.115           1.487e+00             256.349           1.000e+02     
  40.000          90.000            1.490e+00           4.363e-04             277.808           1.490e+00             256.279           1.000e+02     
  45.000          90.000            1.493e+00           4.332e-04             278.425           1.492e+00             256.213           1.000e+02     
  50.000          90.000            1.496e+00           4.230e-04             278.976           1.495e+00             256.151           1.000e+02     
  55.000          90.000            1.499e+00           4.061e-04             279.473           1.498e+00             256.093           1.000e+02     
  60.000          90.000            1.502e+00           3.829e-04             279.923           1.501e+00             256.040           1.000e+02     
  65.000          90.000            1.505e+00           3.542e-04             280.339           1.505e+00             255.991           1.000e+02     
  70.000          90.000            1.508e+00           3.210e-04             280.731           1.508e+00             255.948           1.000e+02     
  75.000          90.000            1.512e+00           2.842e-04             281.112           1.512e+00             255.911           1.000e+02     
  80.000          90.000            1.516e+00           2.452e-04             281.498           1.515e+00             255.879           1.000e+02     
  85.000          90.000            1.519e+00           2.051e-04             281.913           1.519e+00             255.854           1.000e+02     
  90.000          90.000            1.523e+00           1.655e-04             282.387           1.523e+00             255.835           1.000e+02     
  95.000          90.000            1.527e+00           1.275e-04             282.973           1.527e+00             255.822           1.000e+02     
 100.000          90.000            1.531e+00           9.249e-05             283.756           1.530e+00             255.816           1.000e+02     
 105.000          90.000            1.534e+00           6.174e-05             284.904           1.534e+00             255.816           1.000e+02     
 110.000          90.000            1.538e+00           3.633e-05             286.795           1.538e+00             255.823           1.000e+02     
 115.000          90.000            1.542e+00           1.721e-05             290.500           1.542e+00             255.837           1.000e+02     
 120.000          90.000            1.545e+00           5.162e-06             300.669           1.545e+00             255.858           1.000e+02     
 125.000          90.000            1.549e+00           7.452e-07               0.676           1.549e+00             255.885           1.000e+02     
 130.000          90.000            1.552e+00           4.294e-06              74.075           1.552e+00             255.919           1.000e+02     
 135.000          90.000            1.555e+00           1.590e-05              86.010           1.555e+00             255.959           1.000e+02     
 140.000          90.000            1.557e+00           3.542e-05              90.079           1.557e+00             256.006           1.000e+02     
 145.000          90.000            1.559e+00           6.244e-05              92.085           1.559e+00             256.058           1.000e+02     
 150.000          90.000            1.561e+00           9.634e-05              93.267           1.561e+00             256.115           1.000e+02     
 155.000          90.000            1.563e+00           1.363e-04              94.048           1.563e+00             256.178           1.000e+02     
 160.000          90.000            1.564e+00           1.812e-04              94.610           1.564e+00             256.246           1.000e+02     
 165.000          90.000            1.565e+00           2.298e-04              95.046           1.565e+00             256.317           1.000e+02     
 170.000          90.000            1.565e+00           2.809e-04              95.409           1.565e+00             256.393           1.000e+02     
 175.000          90.000            1.565e+00           3.330e-04              95.732           1.565e+00             256.471           1.000e+02     
 180.000          90.000            1.564e+00           3.846e-04              96.037           1.564e+00             256.552           1.000e+02     
   0.000          95.000            1.474e+00           1.468e-02             258.390           1.460e+00             256.882           1.000e+02     
   5.000          95.000            1.477e+00           1.485e-02             258.745           1.462e+00             256.857           1.000e+02     
  10.000          95.000            1.480e+00           1.478e-02             259.095           1.465e+00             256.831           1.000e+02     
  15.000          95.000            1.482e+00           1.448e-02             259.445           1.467e+00             256.805           1.000e+02     
  20.000          95.000            1.484e+00           1.397e-02             259.799           1.470e+00             256.778           1.000e+02     
  25.000          95.000            1.486e+00           1.325e-02             260.161           1.473e+00             256.752           1.000e+02     
  30.000          95.000            1.488e+00           1.234e-02             260.537           1.476e+00             256.725           1.000e+02     
  35.000          95.000            1.490e+00           1.129e-02             260.932           1.479e+00             256.699           1.000e+02     
  40.000          95.000            1.492e+00           1.012e-02             261.356           1.482e+00             256.672           1.000e+02     
  45.000          95.000            1.494e+00           8.861e-03             261.819           1.485e+00             256.647           1.000e+02     
  50.000          95.000            1.496e+00           7.561e-03             262.339           1.488e+00             256.621           1.000e+02     
  55.000          95.000            1.498e+00           6.258e-03             262.938           1.492e+00             256.596           1.000e+02     
  60.000          95.000            1.500e+00           4.993e-03             263.656           1.495e+00             256.572           1.000e+02     
  65.000          95.000            1.502e+00           3.803e-03             264.553           1.498e+00             256.549           1.000e+02     
  70.000          95.000            1.504e+00           2.726e-03             265.743           1.502e+00             256.526           1.000e+02     
  75.000          95.000            1.507e+00           1.796e-03             267.448           1.505e+00             256.505           1.000e+02     
  80.000          95.000            1.510e+00           1.041e-03             270.177           1.508e+00             256.484           1.000e+02     
  85.000          95.000            1.512e+00           4.848e-04             275.400           1.512e+00             256.465           1.000e+02     
  90.000          95.000            1.516e+00           1.458e-04             289.445           1.516e+00             256.448           1.000e+02     
  95.000          95.000            1.519e+00           3.571e-05             352.914           1.519e+00             256.433           1.000e+02     
 100.000          95.000            1.523e+00           1.597e-04              51.918           1.523e+00             256.419           1.000e+02     
 105.000          95.000            1.527e+00           5.159e-04              65.000           1.526e+00             256.407           1.000e+02     
 110.000          95.000            1.531e+00           1.096e-03              69.973           1.530e+00             256.397           1.000e+02     
 115.000          95.000            1.535e+00           1.885e-03              72.578           1.533e+00             256.390           1.000e+02     
 120.000          95.000            1.539e+00           2.860e-03              74.191           1.536e+00             256.385           1.000e+02     
 125.000          95.000            1.543e+00           3.995e-03              75.296           1.539e+00             256.382           1.000e+02     
 130.000          95.000            1.547e+00           5.258e-03              76.106           1.542e+00             256.382           1.000e+02     
 135.000          95.000            1.551e+00           6.611e-03              76.731           1.544e+00             256.385           1.000e+02     
 140.000          95.000            1.554e+00           8.016e-03              77.232           1.546e+00             256.390           1.000e+02     
 145.000          95.000            1.558e+00           9.430e-03              77.645           1.548e+00             256.398           1.000e+02     
 150.000          95.000            1.560e+00           1.081e-02              77.996           1.550e+00             256.409           1.000e+02     
 155.000          95.000            1.563e+00           1.212e-02              78.302           1.551e+00             256.422           1.000e+02     
 160.000          95.000            1.564e+00           1.331e-02              78.573           1.551e+00             256.438           1.000e+02     
 165.000          95.000            1.565e+00           1.435e-02              78.821           1.551e+00             256.456           1.000e+02     
 170.000          95.000            1.566e+00           1.521e-02              79.050           1.551e+00             256.477           1.000e+02     
 175.000          95.000            1.565e+00           1.586e-02              79.268           1.549e+00             256.500           1.000e+02     
 180.000          95.000            1.564e+00           1.627e-02              79.480           1.548e+00             256.526           1.000e+02     
   0.000         100.000            1.474e+00           5.107e-02             257.687           1.423e+00             256.869           1.000e+02     
   5.000         100.000            1.478e+00           5.125e-02             257.936           1.427e+00             256.899           1.000e+02     
  10.000         100.000            1.481e+00           5.063e-02             258.187           1.430e+00             256.928           1.000e+02     
  15.000         100.000            1.483e+00           4.922e-02             258.440           1.434e+00             256.955           1.000e+02     
  20.000         100.000            1.484e+00           4.707e-02             258.699           1.437e+00             256.982           1.000e+02     
  25.000         100.000            1.485e+00           4.424e-02             258.966           1.440e+00             257.006           1.000e+02     
  30.000         100.000            1.484e+00           4.083e-02             259.244           1.444e+00             257.029           1.000e+02     
  35.000         100.000            1.484e+00           3.695e-02             259.537           1.447e+00             257.049           1.000e+02     
  40.000         100.000            1.482e+00           3.271e-02             259.852           1.450e+00             257.067           1.000e+02     
  45.000         100.000            1.481e+00           2.826e-02             260.196           1.452e+00             257.081           1.000e+02     
  50.000         100.000            1.479e+00           2.373e-02             260.582           1.455e+00             257.093           1.000e+02     
  55.000         100.000            1.477e+00           1.926e-02             261.029           1.458e+00             257.101           1.000e+02     
  60.000         100.000            1.476e+00           1.500e-02             261.569           1.461e+00             257.106           1.000e+02     
  65.000         100.000            1.475e+00           1.107e-02             262.255           1.464e+00             257.108           1.000e+02     
  70.000         100.000            1.474e+00           7.600e-03             263.189           1.467e+00             257.106           1.000e+02     
  75.000         100.000            1.474e+00           4.690e-03             264.593           1.470e+00             257.101           1.000e+02     
  80.000         100.000            1.475e+00           2.432e-03             267.037           1.473e+00             257.092           1.000e+02     
  85.000         100.000            1.477e+00           8.966e-04             272.586           1.476e+00             257.080           1.000e+02     
  90.000         100.000            1.479e+00           1.338e-04             296.866           1.479e+00             257.065           1.000e+02     
  95.000         100.000            1.482e+00           1.703e-04              46.041           1.482e+00             257.046           1.000e+02     
 100.000         100.000            1.487e+00           1.010e-03              66.200           1.485e+00             257.025           1.000e+02     
 105.000         100.000            1.491e+00           2.633e-03              71.236           1.489e+00             257.000           1.000e+02     
 110.000         100.000            1.497e+00           4.997e-03              73.494           1.492e+00             256.973           1.000e+02     
 115.000         100.000            1.504e+00           8.036e-03              74.777           1.496e+00             256.944           1.000e+02     
 120.000         100.000            1.510e+00           1.167e-02              75.604           1.499e+00             256.913           1.000e+02     
 125.000         100.000            1.518e+00           1.578e-02              76.182           1.502e+00             256.880           1.000e+02     
 130.000         100.000            1.525e+00           2.027e-02              76.606           1.505e+00             256.846           1.000e+02     
 135.000         100.000            1.532e+00           2.499e-02              76.929           1.507e+00             256.811           1.000e+02     
 140.000         100.000            1.539e+00           2.980e-02              77.181           1.510e+00             256.775           1.000e+02     
 145.000         100.000            1.546e+00           3.456e-02              77.382           1.511e+00             256.738           1.000e+02     
 150.000         100.000            1.552e+00           3.913e-02              77.546           1.513e+00             256.702           1.000e+02     
 155.000         100.000            1.557e+00           4.336e-02              77.680           1.514e+00             256.665           1.000e+02     
 160.000         100.000            1.561e+00           4.712e-02              77.793           1.514e+00             256.630           1.000e+02     
 165.000         100.000            1.564e+00           5.029e-02              77.889           1.514e+00             256.595           1.000e+02     
 170.000         100.000            1.566e+00           5.279e-02              77.973           1.513e+00             256.561           1.000e+02     
 175.000         100.000            1.566e+00           5.452e-02              78.049           1.511e+00             256.529           1.000e+02     
 180.000         100.000            1.564e+00           5.543e-02              78.120           1.509e+00             256.499           1.000e+02     
   0.000         105.000            1.474e+00           1.083e-01             257.429           1.366e+00             256.855           1.000e+02     
   5.000         105.000            1.479e+00           1.085e-01             257.673           1.371e+00             256.940           1.000e+02     
  10.000         105.000            1.482e+00           1.069e-01             257.919           1.375e+00             257.023           1.000e+02     
  15.000         105.000            1.482e+00           1.036e-01             258.169           1.379e+00             257.105           1.000e+02     
  20.000         105.000            1.481e+00           9.880e-02             258.424           1.382e+00             257.183           1.000e+02     
  25.000         105.000            1.478e+00           9.256e-02             258.685           1.385e+00             257.259           1.000e+02     
  30.000         105.000            1.473e+00           8.511e-02             258.954           1.388e+00             257.330           1.000e+02     
  35.000         105.000            1.467e+00           7.670e-02             259.234           1.391e+00             257.397           1.000e+02     
  40.000         105.000            1.461e+00           6.758e-02             259.529           1.393e+00             257.458           1.000e+02     
  45.000         105.000            1.453e+00           5.807e-02             259.847           1.395e+00             257.513           1.000e+02     
  50.000         105.000            1.446e+00           4.845e-02             260.196           1.397e+00             257.562           1.000e+02     
  55.000         105.000            1.438e+00           3.903e-02             260.593           1.399e+00             257.604           1.000e+02     
  60.000         105.000            1.431e+00           3.011e-02             261.064           1.401e+00             257.638           1.000e+02     
  65.000         105.000            1.425e+00           2.194e-02             261.656           1.403e+00             257.665           1.000e+02     
  70.000         105.000            1.420e+00           1.480e-02             262.459           1.405e+00             257.684           1.000e+02     
  75.000         105.000            1.416e+00           8.886e-03             263.676           1.407e+00             257.695           1.000e+02     
  80.000         105.000            1.414e+00           4.385e-03             265.858           1.409e+00             257.697           1.000e+02     
  85.000         105.000            1.413e+00           1.435e-03             271.228           1.412e+00             257.692           1.000e+02     
  90.000         105.000            1.415e+00           1.284e-04             304.238           1.415e+00             257.678           1.000e+02     
  95.000         105.000            1.418e+00           5.120e-04              58.314           1.418e+00             257.657           1.000e+02     
 100.000         105.000            1.423e+00           2.584e-03              70.077           1.421e+00             257.628           1.000e+02     
 105.000         105.000            1.431e+00           6.293e-03              73.403           1.424e+00             257.591           1.000e+02     
 110.000         105.000            1.439e+00           1.154e-02              74.959           1.428e+00             257.547           1.000e+02     
 115.000         105.000            1.450e+00           1.819e-02              75.854           1.431e+00             257.496           1.000e+02     
 120.000         105.000            1.461e+00           2.604e-02              76.426           1.435e+00             257.439           1.000e+02     
 125.000         105.000            1.474e+00           3.489e-02              76.815           1.439e+00             257.376           1.000e+02     
 130.000         105.000            1.487e+00           4.446e-02              77.089           1.442e+00             257.307           1.000e+02     
 135.000         105.000            1.500e+00           5.447e-02              77.284           1.445e+00             257.234           1.000e+02     
 140.000         105.000            1.513e+00           6.463e-02              77.423           1.448e+00             257.157           1.000e+02     
 145.000         105.000            1.525e+00           7.463e-02              77.520           1.451e+00             257.076           1.000e+02     
 150.000         105.000            1.536e+00           8.415e-02              77.584           1.452e+00             256.992           1.000e+02     
 155.000         105.000            1.546e+00           9.290e-02              77.624           1.454e+00             256.906           1.000e+02     
 160.000         105.000            1.555e+00           1.006e-01              77.645           1.454e+00             256.819           1.000e+02     
 165.000         105.000            1.561e+00           1.070e-01              77.650           1.454e+00             256.731           1.000e+02     
 170.000         105.000            1.564e+00           1.119e-01              77.645           1.452e+00             256.644           1.000e+02     
 175.000         105.000            1.566e+00           1.152e-01              77.631           1.450e+00             256.557           1.000e+02     
 180.000         105.000            1.564e+00           1.167e-01              77.612           1.447e+00             256.472           1.000e+02     
   0.000         110.000            1.474e+00           1.846e-01             257.293           1.290e+00             256.841           1.000e+02     
   5.000         110.000            1.480e+00           1.848e-01             257.560           1.295e+00             256.979           1.000e+02     
  10.000         110.000            1.481e+00           1.819e-01             257.830           1.299e+00             257.116           1.000e+02     
  15.000         110.000            1.480e+00           1.761e-01             258.104           1.303e+00             257.250           1.000e+02     
  20.000         110.000            1.474e+00           1.676e-01             258.381           1.307e+00             257.381           1.000e+02     
  25.000         110.000            1.466e+00           1.568e-01             258.662           1.310e+00             257.506           1.000e+02     
  30.000         110.000            1.456e+00           1.438e-01             258.949           1.312e+00             257.626           1.000e+02     
  35.000         110.000            1.443e+00           1.293e-01             259.244           1.313e+00             257.738           1.000e+02     
  40.000         110.000            1.428e+00           1.136e-01             259.550           1.315e+00             257.843           1.000e+02     
  45.000         110.000            1.413e+00           9.729e-02             259.871           1.316e+00             257.938           1.000e+02     
  50.000         110.000            1.397e+00           8.087e-02             260.217           1.316e+00             258.024           1.000e+02     
  55.000         110.000            1.382e+00           6.486e-02             260.602           1.317e+00             258.099           1.000e+02     
  60.000         110.000            1.367e+00           4.976e-02             261.047           1.318e+00             258.162           1.000e+02     
  65.000         110.000            1.354e+00           3.602e-02             261.596           1.318e+00             258.214           1.000e+02     
  70.000         110.000            1.343e+00           2.406e-02             262.329           1.319e+00             258.254           1.000e+02     
  75.000         110.000            1.334e+00           1.424e-02             263.435           1.320e+00             258.280           1.000e+02     
  80.000         110.000            1.329e+00           6.837e-03             265.437           1.322e+00             258.294           1.000e+02     
  85.000         110.000            1.326e+00           2.086e-03             270.580           1.324e+00             258.296           1.000e+02     
  90.000         110.000            1.326e+00           1.285e-04             311.153           1.326e+00             258.284           1.000e+02     
  95.000         110.000            1.330e+00           1.032e-03              63.386           1.329e+00             258.259           1.000e+02     
 100.000         110.000            1.337e+00           4.787e-03              72.112           1.332e+00             258.222           1.000e+02     
 105.000         110.000            1.347e+00           1.130e-02              74.721           1.335e+00             258.173           1.000e+02     
 110.000         110.000            1.360e+00           2.041e-02              75.956           1.339e+00             258.112           1.000e+02     
 115.000         110.000            1.375e+00           3.186e-02              76.660           1.343e+00             258.039           1.000e+02     
 120.000         110.000            1.393e+00           4.535e-02              77.097           1.348e+00             257.956           1.000e+02     
 125.000         110.000            1.413e+00           6.049e-02              77.380           1.352e+00             257.863           1.000e+02     
 130.000         110.000            1.433e+00           7.685e-02              77.563           1.356e+00             257.760           1.000e+02     
 135.000         110.000            1.454e+00           9.394e-02              77.676           1.361e+00             257.650           1.000e+02     
 140.000         110.000            1.475e+00           1.112e-01              77.737           1.364e+00             257.531           1.000e+02     
 145.000         110.000            1.496e+00           1.282e-01              77.759           1.367e+00             257.406           1.000e+02     
 150.000         110.000            1.514e+00           1.444e-01              77.751           1.370e+00             257.276           1.000e+02     
 155.000         110.000            1.531e+00           1.591e-01              77.718           1.372e+00             257.142           1.000e+02     
 160.000         110.000            1.545e+00           1.721e-01              77.666           1.373e+00             257.004           1.000e+02     
 165.000         110.000            1.556e+00           1.828e-01              77.600           1.373e+00             256.864           1.000e+02     
 170.000         110.000            1.562e+00           1.908e-01              77.522           1.372e+00             256.723           1.000e+02     
 175.000         110.000            1.565e+00           1.960e-01              77.435           1.369e+00             256.582           1.000e+02     
 180.000         110.000            1.564e+00           1.981e-01              77.343           1.366e+00             256.442           1.000e+02     
   0.000         115.000            1.474e+00           2.778e-01             257.208           1.197e+00             256.825           1.000e+02     
   5.000         115.000            1.480e+00           2.779e-01             257.509           1.202e+00             257.016           1.000e+02     
  10.000         115.000            1.480e+00           2.734e-01             257.814           1.207e+00             257.205           1.000e+02     
  15.000         115.000            1.475e+00           2.645e-01             258.122           1.211e+00             257.391           1.000e+02     
  20.000         115.000            1.465e+00           2.515e-01             258.432           1.214e+00             257.572           1.000e+02     
  25.000         115.000            1.450e+00           2.348e-01             258.745           1.216e+00             257.747           1.000e+02     
  30.000         115.000            1.432e+00           2.151e-01             259.062           1.217e+00             257.913           1.000e+02     
  35.000         115.000            1.410e+00           1.930e-01             259.383           1.217e+00             258.071           1.000e+02     
  40.000         115.000            1.387e+00           1.692e-01             259.711           1.217e+00             258.218           1.000e+02     
  45.000         115.000            1.361e+00           1.445e-01             260.051           1.217e+00             258.353           1.000e+02     
  50.000         115.000            1.336e+00           1.198e-01             260.409           1.216e+00             258.474           1.000e+02     
  55.000         115.000            1.311e+00           9.579e-02             260.798           1.215e+00             258.582           9.937e+01     
  60.000         115.000            1.288e+00           7.321e-02             261.238           1.214e+00             258.674           9.652e+01     
  65.000         115.000            1.267e+00           5.275e-02             261.768           1.214e+00             258.750           9.505e+01     
  70.000         115.000            1.248e+00           3.502e-02             262.465           1.213e+00             258.810           9.499e+01     
  75.000         115.000            1.234e+00           2.053e-02             263.502           1.213e+00             258.853           9.643e+01     
  80.000         115.000            1.224e+00           9.697e-03             265.382           1.214e+00             258.878           9.955e+01     
  85.000         115.000            1.218e+00           2.831e-03             270.327           1.215e+00             258.885           1.000e+02     
  90.000         115.000            1.217e+00           1.329e-04             317.310           1.217e+00             258.875           1.000e+02     
  95.000         115.000            1.221e+00           1.696e-03              66.265           1.219e+00             258.848           1.000e+02     
 100.000         115.000            1.230e+00           7.497e-03              73.493           1.223e+00             258.803           1.000e+02     
 105.000         115.000            1.244e+00           1.740e-02              75.714           1.226e+00             258.741           1.000e+02     
 110.000         115.000            1.262e+00           3.117e-02              76.764           1.231e+00             258.663           1.000e+02     
 115.000         115.000            1.284e+00           4.843e-02              77.351           1.235e+00             258.569           1.000e+02     
 120.000         115.000            1.309e+00           6.874e-02              77.701           1.241e+00             258.460           1.000e+02     
 125.000         115.000            1.337e+00           9.152e-02              77.910           1.246e+00             258.337           1.000e+02     
 130.000         115.000            1.367e+00           1.161e-01              78.026           1.251e+00             258.201           1.000e+02     
 135.000         115.000            1.398e+00           1.419e-01              78.075           1.256e+00             258.054           1.000e+02     
 140.000         115.000            1.429e+00           1.679e-01              78.075           1.261e+00             257.895           1.000e+02     
 145.000         115.000            1.459e+00           1.935e-01              78.035           1.265e+00             257.727           1.000e+02     
 150.000         115.000            1.487e+00           2.178e-01              77.965           1.269e+00             257.551           1.000e+02     
 155.000         115.000            1.512e+00           2.399e-01              77.870           1.272e+00             257.369           1.000e+02     
 160.000         115.000            1.533e+00           2.593e-01              77.755           1.273e+00             257.181           1.000e+02     
 165.000         115.000            1.549e+00           2.752e-01              77.625           1.274e+00             256.990           1.000e+02     
 170.000         115.000            1.560e+00           2.871e-01              77.482           1.273e+00             256.797           1.000e+02     
 175.000         115.000            1.565e+00           2.945e-01              77.332           1.271e+00             256.604           1.000e+02     
 180.000         115.000            1.564e+00           2.973e-01              77.175           1.267e+00             256.411           1.000e+02     
   0.000         120.000            1.474e+00           3.849e-01             257.149           1.090e+00             256.808           1.000e+02     
   5.000         120.000            1.480e+00           3.850e-01             257.489           1.095e+00             257.050           1.000e+02     
  10.000         120.000            1.479e+00           3.787e-01             257.833           1.100e+00             257.289           1.000e+02     
  15.000         120.000            1.469e+00           3.661e-01             258.180           1.103e+00             257.525           1.000e+02     
  20.000         120.000            1.453e+00           3.478e-01             258.528           1.106e+00             257.755           1.000e+02     
  25.000         120.000            1.431e+00           3.243e-01             258.878           1.107e+00             257.977           1.000e+02     
  30.000         120.000            1.404e+00           2.966e-01             259.229           1.107e+00             258.190           1.000e+02     
  35.000         120.000            1.372e+00           2.657e-01             259.582           1.106e+00             258.391           1.000e+02     
  40.000         120.000            1.337e+00           2.324e-01             259.939           1.105e+00             258.579           1.000e+02     
  45.000         120.000            1.301e+00           1.981e-01             260.303           1.103e+00             258.752           1.000e+02     
  50.000         120.000            1.264e+00           1.638e-01             260.681           1.101e+00             258.909           9.625e+01     
  55.000         120.000            1.229e+00           1.306e-01             261.084           1.098e+00             259.048           9.130e+01     
  60.000         120.000            1.196e+00           9.954e-02             261.530           1.096e+00             259.168           8.780e+01     
  65.000         120.000            1.165e+00           7.147e-02             262.056           1.094e+00             259.268           8.567e+01     
  70.000         120.000            1.140e+00           4.724e-02             262.734           1.092e+00             259.347           8.491e+01     
  75.000         120.000            1.119e+00           2.753e-02             263.729           1.091e+00             259.405           8.562e+01     
  80.000         120.000            1.104e+00           1.286e-02             265.524           1.091e+00             259.441           8.795e+01     
  85.000         120.000            1.095e+00           3.644e-03             270.311           1.092e+00             259.455           9.220e+01     
  90.000         120.000            1.093e+00           1.406e-04             322.562           1.093e+00             259.446           9.884e+01     
  95.000         120.000            1.098e+00           2.462e-03              68.196           1.095e+00             259.416           1.000e+02     
 100.000         120.000            1.109e+00           1.058e-02              74.558           1.098e+00             259.363           1.000e+02     
 105.000         120.000            1.126e+00           2.431e-02              76.540           1.102e+00             259.289           1.000e+02     
 110.000         120.000            1.150e+00           4.333e-02              77.470           1.107e+00             259.194           1.000e+02     
 115.000         120.000            1.179e+00           6.717e-02              77.976           1.112e+00             259.079           1.000e+02     
 120.000         120.000            1.213e+00           9.521e-02              78.262           1.118e+00             258.945           1.000e+02     
 125.000         120.000            1.251e+00           1.267e-01              78.414           1.124e+00             258.794           1.000e+02     
 130.000         120.000            1.291e+00           1.608e-01              78.476           1.130e+00             258.625           1.000e+02     
 135.000         120.000            1.333e+00           1.964e-01              78.472           1.137e+00             258.441           1.000e+02     
 140.000         120.000            1.375e+00           2.326e-01              78.417           1.143e+00             258.244           1.000e+02     
 145.000         120.000            1.416e+00           2.681e-01              78.324           1.148e+00             258.034           1.000e+02     
 150.000         120.000            1.454e+00           3.018e-01              78.198           1.152e+00             257.814           1.000e+02     
 155.000         120.000            1.489e+00           3.327e-01              78.047           1.156e+00             257.585           1.000e+02     
 160.000         120.000            1.518e+00           3.595e-01              77.874           1.158e+00             257.349           1.000e+02     
 165.000         120.000            1.541e+00           3.815e-01              77.686           1.159e+00             257.109           1.000e+02     
 170.000         120.000            1.557e+00           3.978e-01              77.484           1.159e+00             256.865           1.000e+02     
 175.000         120.000            1.564e+00           4.078e-01              77.274           1.157e+00             256.621           1.000e+02     
 180.000         120.000            1.564e+00           4.113e-01              77.058           1.153e+00             256.378           1.000e+02     
   0.000         125.000            1.474e+00           5.027e-01             257.105           9.717e-01             256.790           1.000e+02     
   5.000         125.000            1.480e+00           5.029e-01             257.486           9.775e-01             257.079           1.000e+02     
  10.000         125.000            1.476e+00           4.945e-01             257.871           9.818e-01             257.367           1.000e+02     
  15.000         125.000            1.463e+00           4.778e-01             258.258           9.847e-01             257.650           1.000e+02     
  20.000         125.000            1.440e+00           4.535e-01             258.646           9.862e-01             257.927           1.000e+02     
  25.000         125.000            1.409e+00           4.224e-01             259.035           9.865e-01             258.194           1.000e+02     
  30.000         125.000            1.371e+00           3.858e-01             259.422           9.856e-01             258.451           1.000e+02     
  35.000         125.000            1.329e+00           3.449e-01             259.810           9.837e-01             258.694           1.000e+02     
  40.000         125.000            1.282e+00           3.012e-01             260.198           9.810e-01             258.921           1.000e+02     
  45.000         125.000            1.234e+00           2.562e-01             260.591           9.778e-01             259.131           9.679e+01     
  50.000         125.000            1.186e+00           2.114e-01             260.993           9.742e-01             259.322           8.961e+01     
  55.000         125.000            1.139e+00           1.681e-01             261.414           9.705e-01             259.491           8.402e+01     
  60.000         125.000            1.095e+00           1.278e-01             261.872           9.670e-01             259.638           7.989e+01     
  65.000         125.000            1.055e+00           9.148e-02             262.402           9.638e-01             259.761           7.712e+01     
  70.000         125.000            1.021e+00           6.026e-02             263.072           9.611e-01             259.860           7.572e+01     
  75.000         125.000            9.942e-01           3.495e-02             264.042           9.592e-01             259.932           7.576e+01     
  80.000         125.000            9.743e-01           1.620e-02             265.778           9.581e-01             259.978           7.738e+01     
  85.000         125.000            9.625e-01           4.498e-03             270.442           9.580e-01             259.998           8.087e+01     
  90.000         125.000            9.591e-01           1.508e-04             326.899           9.589e-01             259.991           8.669e+01     
  95.000         125.000            9.642e-01           3.292e-03              69.623           9.609e-01             259.957           9.556e+01     
 100.000         125.000            9.778e-01           1.388e-02              75.437           9.639e-01             259.897           1.000e+02     
 105.000         125.000            9.997e-01           3.170e-02              77.260           9.680e-01             259.811           1.000e+02     
 110.000         125.000            1.029e+00           5.636e-02              78.106           9.730e-01             259.700           1.000e+02     
 115.000         125.000            1.066e+00           8.727e-02              78.552           9.787e-01             259.565           1.000e+02     
 120.000         125.000            1.109e+00           1.237e-01              78.788           9.851e-01             259.406           1.000e+02     
 125.000         125.000            1.157e+00           1.647e-01              78.892           9.920e-01             259.227           1.000e+02     
 130.000         125.000            1.208e+00           2.091e-01              78.908           9.991e-01             259.027           1.000e+02     
 135.000         125.000            1.262e+00           2.556e-01              78.857           1.006e+00             258.808           1.000e+02     
 140.000         125.000            1.316e+00           3.029e-01              78.755           1.013e+00             258.573           1.000e+02     
 145.000         125.000            1.369e+00           3.495e-01              78.612           1.019e+00             258.323           1.000e+02     
 150.000         125.000            1.418e+00           3.938e-01              78.436           1.025e+00             258.060           1.000e+02     
 155.000         125.000            1.463e+00           4.343e-01              78.232           1.029e+00             257.787           1.000e+02     
 160.000         125.000            1.501e+00           4.695e-01              78.007           1.032e+00             257.505           1.000e+02     
 165.000         125.000            1.532e+00           4.983e-01              77.764           1.033e+00             257.217           1.000e+02     
 170.000         125.000            1.553e+00           5.195e-01              77.508           1.033e+00             256.925           1.000e+02     
 175.000         125.000            1.564e+00           5.324e-01              77.243           1.031e+00             256.632           1.000e+02     
 180.000         125.000            1.564e+00           5.364e-01              76.971           1.028e+00             256.340           1.000e+02     
   0.000         130.000            1.474e+00           6.276e-01             257.071           8.468e-01             256.768           1.000e+02     
   5.000         130.000            1.480e+00           6.280e-01             257.493           8.523e-01             257.103           1.000e+02     
  10.000         130.000            1.474e+00           6.174e-01             257.918           8.561e-01             257.436           1.000e+02     
  15.000         130.000            1.455e+00           5.962e-01             258.346           8.585e-01             257.765           1.000e+02     
  20.000         130.000            1.425e+00           5.654e-01             258.774           8.593e-01             258.085           1.000e+02     
  25.000         130.000            1.385e+00           5.260e-01             259.201           8.588e-01             258.396           1.000e+02     
  30.000         130.000            1.337e+00           4.797e-01             259.626           8.569e-01             258.694           1.000e+02     
  35.000         130.000            1.282e+00           4.281e-01             260.049           8.541e-01             258.977           1.000e+02     
  40.000         130.000            1.223e+00           3.731e-01             260.470           8.504e-01             259.242           1.000e+02     
  45.000         130.000            1.163e+00           3.167e-01             260.892           8.461e-01             259.486           9.159e+01     
  50.000         130.000            1.102e+00           2.607e-01             261.319           8.415e-01             259.709           8.374e+01     
  55.000         130.000            1.044e+00           2.069e-01             261.761           8.369e-01             259.907           7.751e+01     
  60.000         130.000            9.892e-01           1.569e-01             262.236           8.324e-01             260.079           7.274e+01     
  65.000         130.000            9.403e-01           1.120e-01             262.775           8.283e-01             260.224           6.936e+01     
  70.000         130.000            8.985e-01           7.360e-02             263.444           8.249e-01             260.340           6.734e+01     
  75.000         130.000            8.648e-01           4.253e-02             264.399           8.222e-01             260.427           6.674e+01     
  80.000         130.000            8.402e-01           1.961e-02             266.095           8.206e-01             260.483           6.772e+01     
  85.000         130.000            8.253e-01           5.367e-03             270.665           8.200e-01             260.508           7.054e+01     
  90.000         130.000            8.207e-01           1.626e-04             330.392           8.205e-01             260.502           7.566e+01     
  95.000         130.000            8.264e-01           4.145e-03              70.742           8.222e-01             260.465           8.380e+01     
 100.000         130.000            8.424e-01           1.727e-02              76.191           8.251e-01             260.397           9.621e+01     
 105.000         130.000            8.685e-01           3.929e-02              77.903           8.292e-01             260.300           1.000e+02     
 110.000         130.000            9.040e-01           6.974e-02              78.687           8.342e-01             260.173           1.000e+02     
 115.000         130.000            9.482e-01           1.080e-01              79.086           8.402e-01             260.018           1.000e+02     
 120.000         130.000            1.000e+00           1.531e-01              79.280           8.469e-01             259.837           1.000e+02     
 125.000         130.000            1.058e+00           2.040e-01              79.344           8.541e-01             259.630           1.000e+02     
 130.000         130.000            1.121e+00           2.592e-01              79.319           8.617e-01             259.400           1.000e+02     
 135.000         130.000            1.187e+00           3.173e-01              79.226           8.693e-01             259.149           1.000e+02     
 140.000         130.000            1.253e+00           3.765e-01              79.081           8.766e-01             258.878           1.000e+02     
 145.000         130.000            1.318e+00           4.349e-01              78.892           8.834e-01             258.589           1.000e+02     
 150.000         130.000            1.380e+00           4.906e-01              78.669           8.894e-01             258.286           1.000e+02     
 155.000         130.000            1.436e+00           5.415e-01              78.418           8.943e-01             257.970           1.000e+02     
 160.000         130.000            1.484e+00           5.858e-01              78.143           8.979e-01             257.645           1.000e+02     
 165.000         130.000            1.522e+00           6.220e-01              77.850           8.999e-01             257.312           1.000e+02     
 170.000         130.000            1.549e+00           6.485e-01              77.543           9.002e-01             256.975           1.000e+02     
 175.000         130.000            1.563e+00           6.644e-01              77.226           8.986e-01             256.636           1.000e+02     
 180.000         130.000            1.564e+00           6.691e-01              76.903           8.951e-01             256.297           1.000e+02     
   0.000         135.000            1.474e+00           7.559e-01             257.043           7.186e-01             256.744           1.000e+02     
   5.000         135.000            1.480e+00           7.564e-01             257.504           7.235e-01             257.121           1.000e+02     
  10.000         135.000            1.470e+00           7.435e-01             257.970           7.269e-01             257.496           1.000e+02     
  15.000         135.000            1.446e+00           7.177e-01             258.437           7.287e-01             257.866           1.000e+02     
  20.000         135.000            1.409e+00           6.799e-01             258.904           7.289e-01             258.228           1.000e+02     
  25.000         135.000            1.360e+00           6.318e-01             259.369           7.277e-01             258.579           1.000e+02     
  30.000         135.000            1.301e+00           5.753e-01             259.830           7.252e-01             258.915           1.000e+02     
  35.000         135.000            1.234e+00           5.125e-01             260.288           7.217e-01             259.235           1.000e+02     
  40.000         135.000            1.163e+00           4.459e-01             260.741           7.173e-01             259.534           9.767e+01     
  45.000         135.000            1.090e+00           3.777e-01             261.192           7.124e-01             259.812           8.721e+01     
  50.000         135.000            1.017e+00           3.103e-01             261.646           7.072e-01             260.064           7.866e+01     
  55.000         135.000            9.477e-01           2.457e-01             262.111           7.020e-01             260.289           7.177e+01     
  60.000         135.000            8.828e-01           1.859e-01             262.603           6.970e-01             260.485           6.636e+01     
  65.000         135.000            8.249e-01           1.324e-01             263.153           6.924e-01             260.650           6.235e+01     
  70.000         135.000            7.753e-01           8.680e-02             263.827           6.885e-01             260.783           5.970e+01     
  75.000         135.000            7.355e-01           5.002e-02             264.775           6.855e-01             260.882           5.849e+01     
  80.000         135.000            7.064e-01           2.296e-02             266.444           6.835e-01             260.947           5.885e+01     
  85.000         135.000            6.887e-01           6.221e-03             270.944           6.825e-01             260.977           6.105e+01     
  90.000         135.000            6.830e-01           1.753e-04             333.151           6.828e-01             260.972           6.556e+01     
  95.000         135.000            6.892e-01           4.988e-03              71.649           6.842e-01             260.931           7.313e+01     
 100.000         135.000            7.075e-01           2.061e-02              76.849           6.869e-01             260.857           8.507e+01     
 105.000         135.000            7.376e-01           4.678e-02              78.481           6.908e-01             260.748           1.000e+02     
 110.000         135.000            7.787e-01           8.300e-02              79.218           6.957e-01             260.607           1.000e+02     
 115.000         135.000            8.301e-01           1.285e-01              79.580           7.016e-01             260.433           1.000e+02     
 120.000         135.000            8.906e-01           1.824e-01              79.738           7.082e-01             260.230           1.000e+02     
 125.000         135.000            9.587e-01           2.433e-01              79.768           7.155e-01             259.998           1.000e+02     
 130.000         135.000            1.033e+00           3.096e-01              79.706           7.231e-01             259.740           1.000e+02     
 135.000         135.000            1.110e+00           3.795e-01              79.575           7.307e-01             259.457           1.000e+02     
 140.000         135.000            1.189e+00           4.510e-01              79.390           7.382e-01             259.152           1.000e+02     
 145.000         135.000            1.267e+00           5.216e-01              79.160           7.452e-01             258.828           1.000e+02     
 150.000         135.000            1.341e+00           5.891e-01              78.894           7.515e-01             258.487           1.000e+02     
 155.000         135.000            1.408e+00           6.510e-01              78.598           7.567e-01             258.132           1.000e+02     
 160.000         135.000            1.465e+00           7.049e-01              78.277           7.605e-01             257.766           1.000e+02     
 165.000         135.000            1.512e+00           7.488e-01              77.937           7.628e-01             257.391           1.000e+02     
 170.000         135.000            1.544e+00           7.809e-01              77.583           7.634e-01             257.011           1.000e+02     
 175.000         135.000            1.562e+00           7.999e-01              77.218           7.621e-01             256.629           1.000e+02     
 180.000         135.000            1.564e+00           8.052e-01              76.847           7.590e-01             256.248           1.000e+02     
   0.000         140.000            1.474e+00           8.835e-01             257.020           5.909e-01             256.714           1.000e+02     
   5.000         140.000            1.480e+00           8.844e-01             257.519           5.952e-01             257.130           1.000e+02     
  10.000         140.000            1.467e+00           8.692e-01             258.022           5.980e-01             257.543           1.000e+02     
  15.000         140.000            1.438e+00           8.385e-01             258.527           5.993e-01             257.951           1.000e+02     
  20.000         140.000            1.393e+00           7.937e-01             259.031           5.990e-01             258.351           1.000e+02     
  25.000         140.000            1.334e+00           7.366e-01             259.532           5.974e-01             258.738           1.000e+02     
  30.000         140.000            1.264e+00           6.698e-01             260.028           5.946e-01             259.109           1.000e+02     
  35.000         140.000            1.186e+00           5.957e-01             260.519           5.908e-01             259.463           1.000e+02     
  40.000         140.000            1.103e+00           5.173e-01             261.003           5.862e-01             259.794           9.494e+01     
  45.000         140.000            1.018e+00           4.373e-01             261.483           5.811e-01             260.101           8.371e+01     
  50.000         140.000            9.342e-01           3.585e-01             261.963           5.757e-01             260.380           7.444e+01     
  55.000         140.000            8.536e-01           2.833e-01             262.450           5.704e-01             260.630           6.684e+01     
  60.000         140.000            7.791e-01           2.138e-01             262.961           5.653e-01             260.847           6.075e+01     
  65.000         140.000            7.127e-01           1.521e-01             263.525           5.606e-01             261.030           5.607e+01     
  70.000         140.000            6.561e-01           9.945e-02             264.205           5.566e-01             261.178           5.278e+01     
  75.000         140.000            6.107e-01           5.718e-02             265.151           5.535e-01             261.289           5.094e+01     
  80.000         140.000            5.775e-01           2.617e-02             266.803           5.513e-01             261.362           5.068e+01     
  85.000         140.000            5.572e-01           7.038e-03             271.253           5.502e-01             261.396           5.229e+01     
  90.000         140.000            5.504e-01           1.884e-04             335.295           5.503e-01             261.391           5.626e+01     
  95.000         140.000            5.573e-01           5.790e-03              72.400           5.515e-01             261.348           6.339e+01     
 100.000         140.000            5.776e-01           2.379e-02              77.426           5.539e-01             261.266           7.513e+01     
 105.000         140.000            6.113e-01           5.393e-02              79.001           5.574e-01             261.147           9.413e+01     
 110.000         140.000            6.576e-01           9.569e-02              79.701           5.619e-01             260.991           1.000e+02     
 115.000         140.000            7.157e-01           1.483e-01              80.032           5.674e-01             260.801           1.000e+02     
 120.000         140.000            7.843e-01           2.106e-01              80.161           5.737e-01             260.577           1.000e+02     
 125.000         140.000            8.618e-01           2.813e-01              80.159           5.805e-01             260.322           1.000e+02     
 130.000         140.000            9.462e-01           3.585e-01              80.065           5.877e-01             260.037           1.000e+02     
 135.000         140.000            1.035e+00           4.402e-01              79.900           5.951e-01             259.726           1.000e+02     
 140.000         140.000            1.126e+00           5.239e-01              79.679           6.023e-01             259.390           1.000e+02     
 145.000         140.000            1.216e+00           6.069e-01              79.411           6.091e-01             259.033           1.000e+02     
 150.000         140.000            1.301e+00           6.863e-01              79.105           6.151e-01             258.657           1.000e+02     
 155.000         140.000            1.380e+00           7.593e-01              78.768           6.202e-01             258.266           1.000e+02     
 160.000         140.000            1.447e+00           8.230e-01              78.405           6.241e-01             257.862           1.000e+02     
 165.000         140.000            1.501e+00           8.748e-01              78.022           6.265e-01             257.449           1.000e+02     
 170.000         140.000            1.540e+00           9.126e-01              77.624           6.273e-01             257.030           1.000e+02     
 175.000         140.000            1.561e+00           9.348e-01              77.215           6.263e-01             256.609           1.000e+02     
 180.000         140.000            1.564e+00           9.406e-01              76.801           6.236e-01             256.189           1.000e+02     
   0.000         145.000            1.474e+00           1.007e+00             256.999           4.676e-01             256.678           1.000e+02     
   5.000         145.000            1.479e+00           1.008e+00             257.533           4.713e-01             257.127           1.000e+02     
  10.000         145.000            1.464e+00           9.904e-01             258.072           4.735e-01             257.575           1.000e+02     
  15.000         145.000            1.429e+00           9.549e-01             258.612           4.743e-01             258.016           1.000e+02     
  20.000         145.000            1.377e+00           9.031e-01             259.150           4.738e-01             258.449           1.000e+02     
  25.000         145.000            1.309e+00           8.373e-01             259.685           4.720e-01             258.868           1.000e+02     
  30.000         145.000            1.229e+00           7.602e-01             260.215           4.692e-01             259.271           1.000e+02     
  35.000         145.000            1.140e+00           6.750e-01             260.736           4.654e-01             259.653           1.000e+02     
  40.000         145.000            1.046e+00           5.851e-01             261.250           4.610e-01             260.013           9.325e+01     
  45.000         145.000            9.498e-01           4.937e-01             261.758           4.561e-01             260.346           8.121e+01     
  50.000         145.000            8.550e-01           4.039e-01             262.262           4.511e-01             260.649           7.114e+01     
  55.000         145.000            7.646e-01           3.186e-01             262.771           4.460e-01             260.920           6.278e+01     
  60.000         145.000            6.813e-01           2.400e-01             263.300           4.412e-01             261.156           5.595e+01     
  65.000         145.000            6.072e-01           1.704e-01             263.878           4.369e-01             261.356           5.056e+01     
  70.000         145.000            5.443e-01           1.112e-01             264.568           4.331e-01             261.516           4.657e+01     
  75.000         145.000            4.940e-01           6.383e-02             265.516           4.301e-01             261.637           4.405e+01     
  80.000         145.000            4.572e-01           2.914e-02             267.158           4.280e-01             261.716           4.315e+01     
  85.000         145.000            4.347e-01           7.796e-03             271.573           4.269e-01             261.754           4.416e+01     
  90.000         145.000            4.270e-01           2.013e-04             336.932           4.268e-01             261.749           4.763e+01     
  95.000         145.000            4.343e-01           6.527e-03              73.024           4.278e-01             261.703           5.445e+01     
 100.000         145.000            4.565e-01           2.673e-02              77.931           4.298e-01             261.614           6.629e+01     
 105.000         145.000            4.934e-01           6.054e-02              79.464           4.328e-01             261.485           8.639e+01     
 110.000         145.000            5.443e-01           1.074e-01              80.136           4.368e-01             261.317           1.000e+02     
 115.000         145.000            6.083e-01           1.666e-01              80.442           4.417e-01             261.111           1.000e+02     
 120.000         145.000            6.842e-01           2.370e-01              80.545           4.472e-01             260.868           1.000e+02     
 125.000         145.000            7.702e-01           3.169e-01              80.516           4.533e-01             260.591           1.000e+02     
 130.000         145.000            8.643e-01           4.046e-01              80.394           4.598e-01             260.283           1.000e+02     
 135.000         145.000            9.639e-01           4.975e-01              80.198           4.663e-01             259.946           1.000e+02     
 140.000         145.000            1.066e+00           5.931e-01              79.944           4.728e-01             259.582           1.000e+02     
 145.000         145.000            1.167e+00           6.881e-01              79.642           4.790e-01             259.195           1.000e+02     
 150.000         145.000            1.264e+00           7.793e-01              79.300           4.845e-01             258.788           1.000e+02     
 155.000         145.000            1.352e+00           8.632e-01              78.925           4.892e-01             258.365           1.000e+02     
 160.000         145.000            1.429e+00           9.365e-01              78.524           4.928e-01             257.927           1.000e+02     
 165.000         145.000            1.491e+00           9.961e-01              78.102           4.951e-01             257.480           1.000e+02     
 170.000         145.000            1.536e+00           1.040e+00              77.664           4.960e-01             257.027           1.000e+02     
 175.000         145.000            1.560e+00           1.065e+00              77.215           4.953e-01             256.570           1.000e+02     
 180.000         145.000            1.564e+00           1.071e+00              76.760           4.930e-01             256.115           1.000e+02     
   0.000         150.000            1.474e+00           1.122e+00             256.981           3.526e-01             256.630           1.000e+02     
   5.000         150.000            1.479e+00           1.123e+00             257.547           3.555e-01             257.109           1.000e+02     
  10.000         150.000            1.461e+00           1.104e+00             258.118           3.572e-01             257.585           1.000e+02     
  15.000         150.000            1.421e+00           1.064e+00             258.690           3.577e-01             258.055           1.000e+02     
  20.000         150.000            1.362e+00           1.005e+00             259.260           3.570e-01             258.515           1.000e+02     
  25.000         150.000            1.286e+00           9.307e-01             259.826           3.553e-01             258.961           1.000e+02     
  30.000         150.000            1.197e+00           8.439e-01             260.386           3.527e-01             259.390           1.000e+02     
  35.000         150.000            1.098e+00           7.482e-01             260.936           3.494e-01             259.798           1.000e+02     
  40.000         150.000            9.929e-01           6.475e-01             261.478           3.455e-01             260.181           9.277e+01     
  45.000         150.000            8.866e-01           5.454e-01             262.010           3.412e-01             260.536           7.984e+01     
  50.000         150.000            7.822e-01           4.454e-01             262.538           3.368e-01             260.859           6.891e+01     
  55.000         150.000            6.831e-01           3.506e-01             263.067           3.324e-01             261.148           5.971e+01     
  60.000         150.000            5.920e-01           2.637e-01             263.613           3.283e-01             261.399           5.206e+01     
  65.000         150.000            5.114e-01           1.869e-01             264.206           3.245e-01             261.612           4.587e+01     
  70.000         150.000            4.431e-01           1.218e-01             264.905           3.213e-01             261.783           4.110e+01     
  75.000         150.000            3.885e-01           6.979e-02             265.858           3.187e-01             261.912           3.782e+01     
  80.000         150.000            3.486e-01           3.180e-02             267.496           3.168e-01             261.996           3.621e+01     
  85.000         150.000            3.243e-01           8.478e-03             271.889           3.158e-01             262.036           3.659e+01     
  90.000         150.000            3.158e-01           2.138e-04             338.157           3.156e-01             262.030           3.957e+01     
  95.000         150.000            3.235e-01           7.182e-03              73.540           3.163e-01             261.980           4.622e+01     
 100.000         150.000            3.473e-01           2.935e-02              78.369           3.179e-01             261.886           5.859e+01     
 105.000         150.000            3.869e-01           6.645e-02              79.871           3.204e-01             261.748           8.095e+01     
 110.000         150.000            4.417e-01           1.180e-01              80.521           3.237e-01             261.568           1.000e+02     
 115.000         150.000            5.108e-01           1.832e-01              80.806           3.277e-01             261.347           1.000e+02     
 120.000         150.000            5.930e-01           2.608e-01              80.888           3.322e-01             261.088           1.000e+02     
 125.000         150.000            6.866e-01           3.493e-01              80.836           3.373e-01             260.793           1.000e+02     
 130.000         150.000            7.892e-01           4.465e-01              80.688           3.427e-01             260.463           1.000e+02     
 135.000         150.000            8.982e-01           5.500e-01              80.465           3.482e-01             260.104           1.000e+02     
 140.000         150.000            1.010e+00           6.566e-01              80.182           3.537e-01             259.716           1.000e+02     
 145.000         150.000            1.122e+00           7.630e-01              79.849           3.589e-01             259.303           1.000e+02     
 150.000         150.000            1.229e+00           8.652e-01              79.475           3.636e-01             258.869           1.000e+02     
 155.000         150.000            1.327e+00           9.595e-01              79.067           3.676e-01             258.417           1.000e+02     
 160.000         150.000            1.413e+00           1.042e+00              78.631           3.707e-01             257.951           1.000e+02     
 165.000         150.000            1.482e+00           1.109e+00              78.174           3.727e-01             257.475           1.000e+02     
 170.000         150.000            1.531e+00           1.158e+00              77.700           3.735e-01             256.991           1.000e+02     
 175.000         150.000            1.559e+00           1.186e+00              77.215           3.730e-01             256.505           1.000e+02     
 180.000         150.000            1.564e+00           1.193e+00              76.724           3.712e-01             256.019           1.000e+02     
   0.000         155.000            1.474e+00           1.225e+00             256.965           2.492e-01             256.565           1.000e+02     
   5.000         155.000            1.478e+00           1.227e+00             257.559           2.514e-01             257.066           1.000e+02     
  10.000         155.000            1.458e+00           1.205e+00             258.159           2.526e-01             257.565           1.000e+02     
  15.000         155.000            1.414e+00           1.161e+00             258.759           2.528e-01             258.056           1.000e+02     
  20.000         155.000            1.349e+00           1.096e+00             259.358           2.522e-01             258.538           1.000e+02     
  25.000         155.000            1.265e+00           1.014e+00             259.952           2.508e-01             259.005           1.000e+02     
  30.000         155.000            1.167e+00           9.185e-01             260.538           2.487e-01             259.454           1.000e+02     
  35.000         155.000            1.059e+00           8.133e-01             261.115           2.460e-01             259.881           1.000e+02     
  40.000         155.000            9.456e-01           7.027e-01             261.681           2.428e-01             260.281           9.372e+01     
  45.000         155.000            8.304e-01           5.910e-01             262.236           2.395e-01             260.652           7.985e+01     
  50.000         155.000            7.178e-01           4.819e-01             262.785           2.360e-01             260.990           6.798e+01     
  55.000         155.000            6.112e-01           3.787e-01             263.333           2.325e-01             261.292           5.783e+01     
  60.000         155.000            5.136e-01           2.844e-01             263.896           2.292e-01             261.556           4.925e+01     
  65.000         155.000            4.275e-01           2.012e-01             264.501           2.262e-01             261.777           4.213e+01     
  70.000         155.000            3.546e-01           1.310e-01             265.211           2.236e-01             261.956           3.646e+01     
  75.000         155.000            2.965e-01           7.496e-02             266.169           2.216e-01             262.089           3.231e+01     
  80.000         155.000            2.542e-01           3.411e-02             267.807           2.201e-01             262.177           2.987e+01     
  85.000         155.000            2.283e-01           9.071e-03             272.190           2.192e-01             262.217           2.953e+01     
  90.000         155.000            2.193e-01           2.256e-04             339.046           2.190e-01             262.210           3.200e+01     
  95.000         155.000            2.273e-01           7.741e-03              73.960           2.195e-01             262.156           3.865e+01     
 100.000         155.000            2.523e-01           3.159e-02              78.739           2.207e-01             262.055           5.223e+01     
 105.000         155.000            2.941e-01           7.154e-02              80.222           2.226e-01             261.909           7.916e+01     
 110.000         155.000            3.522e-01           1.271e-01              80.855           2.250e-01             261.718           1.000e+02     
 115.000         155.000            4.256e-01           1.975e-01              81.124           2.281e-01             261.485           1.000e+02     
 120.000         155.000            5.131e-01           2.815e-01              81.187           2.316e-01             261.212           1.000e+02     
 125.000         155.000            6.129e-01           3.775e-01              81.115           2.355e-01             260.901           1.000e+02     
 130.000         155.000            7.229e-01           4.833e-01              80.945           2.396e-01             260.555           1.000e+02     
 135.000         155.000            8.400e-01           5.962e-01              80.699           2.438e-01             260.176           1.000e+02     
 140.000         155.000            9.609e-01           7.128e-01              80.390           2.481e-01             259.769           1.000e+02     
 145.000         155.000            1.081e+00           8.294e-01              80.030           2.521e-01             259.335           1.000e+02     
 150.000         155.000            1.197e+00           9.417e-01              79.628           2.557e-01             258.880           1.000e+02     
 155.000         155.000            1.304e+00           1.045e+00              79.191           2.588e-01             258.405           1.000e+02     
 160.000         155.000            1.398e+00           1.136e+00              78.724           2.613e-01             257.916           1.000e+02     
 165.000         155.000            1.473e+00           1.210e+00              78.236           2.629e-01             257.416           1.000e+02     
 170.000         155.000            1.528e+00           1.264e+00              77.731           2.636e-01             256.909           1.000e+02     
 175.000         155.000            1.559e+00           1.295e+00              77.214           2.633e-01             256.398           1.000e+02     
 180.000         155.000            1.564e+00           1.302e+00              76.691           2.619e-01             255.888           1.000e+02     
   0.000         160.000            1.474e+00           1.314e+00             256.950           1.607e-01             256.469           1.000e+02     
   5.000         160.000            1.478e+00           1.316e+00             257.569           1.621e-01             256.984           1.000e+02     
  10.000         160.000            1.455e+00           1.292e+00             258.193           1.629e-01             257.496           1.000e+02     
  15.000         160.000            1.407e+00           1.244e+00             258.819           1.631e-01             258.001           1.000e+02     
  20.000         160.000            1.337e+00           1.174e+00             259.442           1.626e-01             258.495           1.000e+02     
  25.000         160.000            1.247e+00           1.085e+00             260.060           1.615e-01             258.975           1.000e+02     
  30.000         160.000            1.142e+00           9.820e-01             260.670           1.600e-01             259.435           1.000e+02     
  35.000         160.000            1.027e+00           8.685e-01             261.269           1.581e-01             259.872           1.000e+02     
  40.000         160.000            9.053e-01           7.494e-01             261.856           1.558e-01             260.283           9.646e+01     
  45.000         160.000            7.828e-01           6.294e-01             262.432           1.534e-01             260.663           8.158e+01     
  50.000         160.000            6.634e-01           5.125e-01             262.999           1.509e-01             261.009           6.867e+01     
  55.000         160.000            5.507e-01           4.022e-01             263.564           1.485e-01             261.317           5.746e+01     
  60.000         160.000            4.478e-01           3.017e-01             264.142           1.461e-01             261.586           4.781e+01     
  65.000         160.000            3.572e-01           2.132e-01             264.760           1.440e-01             261.812           3.961e+01     
  70.000         160.000            2.808e-01           1.386e-01             265.479           1.422e-01             261.993           3.286e+01     
  75.000         160.000            2.200e-01           7.924e-02             266.445           1.407e-01             262.127           2.763e+01     
  80.000         160.000            1.757e-01           3.602e-02             268.086           1.397e-01             262.214           2.417e+01     
  85.000         160.000            1.486e-01           9.567e-03             272.466           1.390e-01             262.252           2.293e+01     
  90.000         160.000            1.391e-01           2.363e-04             339.659           1.389e-01             262.242           2.484e+01     
  95.000         160.000            1.474e-01           8.197e-03              74.291           1.392e-01             262.183           3.175e+01     
 100.000         160.000            1.734e-01           3.343e-02              79.044           1.400e-01             262.076           4.792e+01     
 105.000         160.000            2.169e-01           7.573e-02              80.514           1.412e-01             261.922           8.539e+01     
 110.000         160.000            2.775e-01           1.346e-01              81.136           1.429e-01             261.723           1.000e+02     
 115.000         160.000            3.543e-01           2.093e-01              81.391           1.450e-01             261.480           1.000e+02     
 120.000         160.000            4.461e-01           2.987e-01              81.440           1.474e-01             261.196           1.000e+02     
 125.000         160.000            5.511e-01           4.011e-01              81.352           1.500e-01             260.873           1.000e+02     
 130.000         160.000            6.670e-01           5.141e-01              81.163           1.529e-01             260.514           1.000e+02     
 135.000         160.000            7.908e-01           6.350e-01              80.897           1.558e-01             260.122           1.000e+02     
 140.000         160.000            9.189e-01           7.602e-01              80.567           1.587e-01             259.700           1.000e+02     
 145.000         160.000            1.047e+00           8.856e-01              80.184           1.615e-01             259.252           1.000e+02     
 150.000         160.000            1.171e+00           1.007e+00              79.757           1.640e-01             258.781           1.000e+02     
 155.000         160.000            1.285e+00           1.119e+00              79.295           1.662e-01             258.291           1.000e+02     
 160.000         160.000            1.385e+00           1.217e+00              78.803           1.679e-01             257.786           1.000e+02     
 165.000         160.000            1.466e+00           1.297e+00              78.287           1.690e-01             257.270           1.000e+02     
 170.000         160.000            1.525e+00           1.355e+00              77.755           1.695e-01             256.747           1.000e+02     
 175.000         160.000            1.558e+00           1.388e+00              77.211           1.693e-01             256.220           1.000e+02     
 180.000         160.000            1.564e+00           1.396e+00              76.661           1.684e-01             255.694           1.000e+02     
   0.000         165.000            1.474e+00           1.385e+00             256.935           8.965e-02             256.309           1.000e+02     
   5.000         165.000            1.478e+00           1.387e+00             257.575           9.053e-02             256.825           1.000e+02     
  10.000         165.000            1.453e+00           1.362e+00             258.221           9.100e-02             257.337           1.000e+02     
  15.000         165.000            1.402e+00           1.311e+00             258.867           9.108e-02             257.842           1.000e+02     
  20.000         165.000            1.327e+00           1.237e+00             259.511           9.077e-02             258.335           1.000e+02     
  25.000         165.000            1.232e+00           1.142e+00             260.150           9.013e-02             258.813           1.000e+02     
  30.000         165.000            1.122e+00           1.033e+00             260.779           8.919e-02             259.271           1.000e+02     
  35.000         165.000            1.000e+00           9.124e-01             261.397           8.801e-02             259.706           1.000e+02     
  40.000         165.000            8.731e-01           7.865e-01             262.002           8.665e-02             260.114           1.000e+02     
  45.000         165.000            7.450e-01           6.598e-01             262.595           8.519e-02             260.491           8.556e+01     
  50.000         165.000            6.203e-01           5.366e-01             263.178           8.368e-02             260.833           7.153e+01     
  55.000         165.000            5.029e-01           4.207e-01             263.757           8.219e-02             261.137           5.915e+01     
  60.000         165.000            3.960e-01           3.152e-01             264.347           8.078e-02             261.401           4.826e+01     
  65.000         165.000            3.021e-01           2.226e-01             264.977           7.950e-02             261.622           3.878e+01     
  70.000         165.000            2.230e-01           1.446e-01             265.706           7.839e-02             261.797           3.069e+01     
  75.000         165.000            1.601e-01           8.259e-02             266.679           7.749e-02             261.926           2.411e+01     
  80.000         165.000            1.143e-01           3.752e-02             268.326           7.683e-02             262.006           1.930e+01     
  85.000         165.000            8.639e-02           9.957e-03             272.712           7.643e-02             262.037           1.685e+01     
  90.000         165.000            7.655e-02           2.459e-04             340.045           7.631e-02             262.020           1.801e+01     
  95.000         165.000            8.501e-02           8.546e-03              74.535           7.647e-02             261.954           2.572e+01     
 100.000         165.000            1.118e-01           3.485e-02              79.283           7.691e-02             261.840           4.837e+01     
 105.000         165.000            1.566e-01           7.896e-02              80.747           7.762e-02             261.679           1.000e+02     
 110.000         165.000            2.190e-01           1.405e-01              81.362           7.859e-02             261.473           1.000e+02     
 115.000         165.000            2.984e-01           2.186e-01              81.607           7.979e-02             261.223           1.000e+02     
 120.000         165.000            3.933e-01           3.122e-01              81.644           8.119e-02             260.932           1.000e+02     
 125.000         165.000            5.023e-01           4.195e-01              81.543           8.275e-02             260.603           1.000e+02     
 130.000         165.000            6.227e-01           5.383e-01              81.340           8.442e-02             260.238           1.000e+02     
 135.000         165.000            7.517e-01           6.656e-01              81.057           8.615e-02             259.840           1.000e+02     
 140.000         165.000            8.855e-01           7.976e-01              80.709           8.786e-02             259.413           1.000e+02     
 145.000         165.000            1.020e+00           9.301e-01              80.307           8.951e-02             258.959           1.000e+02     
 150.000         165.000            1.149e+00           1.058e+00              79.861           9.101e-02             258.484           1.000e+02     
 155.000         165.000            1.269e+00           1.177e+00              79.377           9.229e-02             257.989           1.000e+02     
 160.000         165.000            1.374e+00           1.281e+00              78.864           9.329e-02             257.479           1.000e+02     
 165.000         165.000            1.460e+00           1.366e+00              78.327           9.396e-02             256.958           1.000e+02     
 170.000         165.000            1.522e+00           1.428e+00              77.772           9.425e-02             256.430           1.000e+02     
 175.000         165.000            1.557e+00           1.463e+00              77.205           9.412e-02             255.899           1.000e+02     
 180.000         165.000            1.564e+00           1.471e+00              76.632           9.355e-02             255.368           1.000e+02     
   0.000         170.000            1.474e+00           1.436e+00             256.922           3.831e-02             255.981           1.000e+02     
   5.000         170.000            1.477e+00           1.439e+00             257.578           3.873e-02             256.470           1.000e+02     
  10.000         170.000            1.452e+00           1.413e+00             258.240           3.896e-02             256.955           1.000e+02     
  15.000         170.000            1.398e+00           1.359e+00             258.903           3.900e-02             257.431           1.000e+02     
  20.000         170.000            1.321e+00           1.282e+00             259.564           3.887e-02             257.894           1.000e+02     
  25.000         170.000            1.222e+00           1.183e+00             260.218           3.858e-02             258.342           1.000e+02     
  30.000         170.000            1.107e+00           1.069e+00             260.864           3.815e-02             258.770           1.000e+02     
  35.000         170.000            9.814e-01           9.438e-01             261.497           3.760e-02             259.175           1.000e+02     
  40.000         170.000            8.500e-01           8.130e-01             262.117           3.697e-02             259.552           1.000e+02     
  45.000         170.000            7.178e-01           6.815e-01             262.723           3.629e-02             259.899           9.263e+01     
  50.000         170.000            5.894e-01           5.538e-01             263.318           3.559e-02             260.212           7.746e+01     
  55.000         170.000            4.688e-01           4.339e-01             263.910           3.490e-02             260.488           6.382e+01     
  60.000         170.000            3.591e-01           3.248e-01             264.510           3.424e-02             260.725           5.156e+01     
  65.000         170.000            2.628e-01           2.292e-01             265.149           3.364e-02             260.920           4.056e+01     
  70.000         170.000            1.819e-01           1.488e-01             265.887           3.312e-02             261.071           3.084e+01     
  75.000         170.000            1.177e-01           8.496e-02             266.867           3.270e-02             261.177           2.247e+01     
  80.000         170.000            7.096e-02           3.858e-02             268.522           3.238e-02             261.237           1.577e+01     
  85.000         170.000            4.242e-02           1.024e-02             272.922           3.218e-02             261.250           1.146e+01     
  90.000         170.000            3.236e-02           2.541e-04             340.235           3.211e-02             261.217           1.145e+01     
  95.000         170.000            4.095e-02           8.785e-03              74.696           3.216e-02             261.137           2.167e+01     
 100.000         170.000            6.817e-02           3.583e-02              79.455           3.234e-02             261.012           7.367e+01     
 105.000         170.000            1.139e-01           8.121e-02              80.919           3.265e-02             260.844           1.000e+02     
 110.000         170.000            1.776e-01           1.445e-01              81.530           3.307e-02             260.633           1.000e+02     
 115.000         170.000            2.586e-01           2.250e-01              81.769           3.359e-02             260.381           1.000e+02     
 120.000         170.000            3.558e-01           3.216e-01              81.798           3.421e-02             260.091           1.000e+02     
 125.000         170.000            4.674e-01           4.325e-01              81.687           3.490e-02             259.766           1.000e+02     
 130.000         170.000            5.911e-01           5.554e-01              81.473           3.565e-02             259.407           1.000e+02     
 135.000         170.000            7.237e-01           6.873e-01              81.178           3.641e-02             259.019           1.000e+02     
 140.000         170.000            8.615e-01           8.243e-01              80.816           3.718e-02             258.603           1.000e+02     
 145.000         170.000            9.999e-01           9.620e-01              80.400           3.791e-02             258.163           1.000e+02     
 150.000         170.000            1.134e+00           1.095e+00              79.938           3.857e-02             257.703           1.000e+02     
 155.000         170.000            1.258e+00           1.219e+00              79.438           3.914e-02             257.225           1.000e+02     
 160.000         170.000            1.367e+00           1.327e+00              78.907           3.958e-02             256.733           1.000e+02     
 165.000         170.000            1.456e+00           1.416e+00              78.353           3.987e-02             256.231           1.000e+02     
 170.000         170.000            1.520e+00           1.480e+00              77.780           3.998e-02             255.721           1.000e+02     
 175.000         170.000            1.557e+00           1.517e+00              77.196           3.990e-02             255.209           1.000e+02     
 180.000         170.000            1.564e+00           1.525e+00              76.605           3.962e-02             254.697           1.000e+02     
   0.000         175.000            1.474e+00           1.466e+00             256.908           8.204e-03             254.896           1.000e+02     
   5.000         175.000            1.477e+00           1.469e+00             257.577           8.324e-03             255.255           1.000e+02     
  10.000         175.000            1.451e+00           1.442e+00             258.251           8.397e-03             255.605           1.000e+02     
  15.000         175.000            1.396e+00           1.388e+00             258.927           8.422e-03             255.942           1.000e+02     
  20.000         175.000            1.316e+00           1.308e+00             259.599           8.401e-03             256.264           1.000e+02     
  25.000         175.000            1.216e+00           1.207e+00             260.266           8.338e-03             256.568           1.000e+02     
  30.000         175.000            1.098e+00           1.090e+00             260.922           8.239e-03             256.852           1.000e+02     
  35.000         175.000            9.703e-01           9.622e-01             261.567           8.110e-03             257.114           1.000e+02     
  40.000         175.000            8.364e-01           8.284e-01             262.197           7.959e-03             257.351           1.000e+02     
  45.000         175.000            7.019e-01           6.941e-01             262.814           7.793e-03             257.559           1.000e+02     
  50.000         175.000            5.714e-01           5.638e-01             263.419           7.621e-03             257.738           8.806e+01     
  55.000         175.000            4.489e-01           4.415e-01             264.019           7.449e-03             257.885           7.325e+01     
  60.000         175.000            3.377e-01           3.304e-01             264.628           7.285e-03             257.999           5.961e+01     
  65.000         175.000            2.402e-01           2.330e-01             265.275           7.133e-03             258.079           4.701e+01     
  70.000         175.000            1.582e-01           1.512e-01             266.020           7.000e-03             258.124           3.537e+01     
  75.000         175.000            9.322e-02           8.633e-02             267.008           6.889e-03             258.133           2.474e+01     
  80.000         175.000            4.601e-02           3.921e-02             268.672           6.803e-03             258.108           1.530e+01     
  85.000         175.000            1.716e-02           1.041e-02             273.092           6.746e-03             258.048           7.759e+00     
  90.000         175.000            6.978e-03           2.609e-04             340.253           6.718e-03             257.955           5.124e+00     
  95.000         175.000            1.563e-02           8.913e-03              74.774           6.719e-03             257.829           3.788e+01     
 100.000         175.000            4.312e-02           3.637e-02              79.559           6.751e-03             257.674           8.363e+01     
 105.000         175.000            8.928e-02           8.246e-02              81.028           6.813e-03             257.489           6.099e+01     
 110.000         175.000            1.537e-01           1.468e-01              81.639           6.901e-03             257.277           6.347e+01     
 115.000         175.000            2.357e-01           2.287e-01              81.876           7.015e-03             257.040           6.979e+01     
 120.000         175.000            3.341e-01           3.270e-01              81.900           7.150e-03             256.779           7.740e+01     
 125.000         175.000            4.472e-01           4.399e-01              81.783           7.302e-03             256.496           8.562e+01     
 130.000         175.000            5.727e-01           5.652e-01              81.561           7.466e-03             256.193           9.422e+01     
 135.000         175.000            7.074e-01           6.998e-01              81.257           7.636e-03             255.871           1.000e+02     
 140.000         175.000            8.475e-01           8.396e-01              80.886           7.804e-03             255.533           1.000e+02     
 145.000         175.000            9.883e-01           9.803e-01              80.459           7.964e-03             255.179           1.000e+02     
 150.000         175.000            1.125e+00           1.117e+00              79.986           8.108e-03             254.812           1.000e+02     
 155.000         175.000            1.251e+00           1.243e+00              79.475           8.227e-03             254.433           1.000e+02     
 160.000         175.000            1.362e+00           1.354e+00              78.932           8.314e-03             254.044           1.000e+02     
 165.000         175.000            1.453e+00           1.445e+00              78.365           8.364e-03             253.648           1.000e+02     
 170.000         175.000            1.519e+00           1.510e+00              77.780           8.371e-03             253.247           1.000e+02     
 175.000         175.000            1.556e+00           1.548e+00              77.182           8.332e-03             252.842           1.000e+02     
 180.000         175.000            1.564e+00           1.556e+00              76.578           8.246e-03             252.437           1.000e+02     
   0.000         180.000            1.474e+00           1.474e+00             256.895           2.460e-04              88.562           1.000e+02     
   5.000         180.000            1.477e+00           1.477e+00             257.572           2.421e-04              90.997           1.000e+02     
  10.000         180.000            1.450e+00           1.450e+00             258.253           2.400e-04              93.448           1.000e+02     
  15.000         180.000            1.395e+00           1.395e+00             258.936           2.398e-04              95.863           1.000e+02     
  20.000         180.000            1.315e+00           1.315e+00             259.617           2.412e-04              98.192           1.000e+02     
  25.000         180.000            1.214e+00           1.213e+00             260.290           2.443e-04             100.394           1.000e+02     
  30.000         180.000            1.096e+00           1.096e+00             260.954           2.486e-04             102.437           1.000e+02     
  35.000         180.000            9.672e-01           9.669e-01             261.606           2.541e-04             104.299           1.000e+02     
  40.000         180.000            8.327e-01           8.324e-01             262.243           2.606e-04             105.968           1.000e+02     
  45.000         180.000            6.976e-01           6.973e-01             262.866           2.678e-04             107.441           1.000e+02     
  50.000         180.000            5.666e-01           5.664e-01             263.478           2.756e-04             108.722           1.000e+02     
  55.000         180.000            4.437e-01           4.434e-01             264.084           2.837e-04             109.819           9.109e+01     
  60.000         180.000            3.321e-01           3.318e-01             264.699           2.921e-04             110.744           7.682e+01     
  65.000         180.000            2.343e-01           2.340e-01             265.351           3.005e-04             111.509           6.336e+01     
  70.000         180.000            1.522e-01           1.519e-01             266.102           3.090e-04             112.127           5.062e+01     
  75.000         180.000            8.702e-02           8.670e-02             267.098           3.172e-04             112.612           3.850e+01     
  80.000         180.000            3.971e-02           3.939e-02             268.774           3.253e-04             112.972           2.703e+01     
  85.000         180.000            1.080e-02           1.047e-02             273.220           3.330e-04             113.219           1.686e+01     
  90.000         180.000            6.064e-04           2.662e-04             340.114           3.403e-04             113.358           2.339e+00     
  95.000         180.000            9.278e-03           8.931e-03              74.768           3.471e-04             113.393           8.321e+00     
 100.000         180.000            3.682e-02           3.647e-02              79.593           3.534e-04             113.328           1.841e+01     
 105.000         180.000            8.307e-02           8.271e-02              81.074           3.591e-04             113.161           2.866e+01     
 110.000         180.000            1.476e-01           1.473e-01              81.688           3.641e-04             112.889           3.889e+01     
 115.000         180.000            2.298e-01           2.295e-01              81.925           3.684e-04             112.510           4.911e+01     
 120.000         180.000            3.285e-01           3.281e-01              81.948           3.720e-04             112.017           5.933e+01     
 125.000         180.000            4.420e-01           4.416e-01              81.828           3.748e-04             111.405           6.959e+01     
 130.000         180.000            5.679e-01           5.675e-01              81.602           3.768e-04             110.665           7.993e+01     
 135.000         180.000            7.031e-01           7.027e-01              81.294           3.782e-04             109.792           9.038e+01     
 140.000         180.000            8.437e-01           8.433e-01              80.917           3.790e-04             108.781           1.000e+02     
 145.000         180.000            9.851e-01           9.847e-01              80.484           3.793e-04             107.626           1.000e+02     
 150.000         180.000            1.122e+00           1.122e+00              80.005           3.794e-04             106.329           1.000e+02     
 155.000         180.000            1.249e+00           1.249e+00              79.487           3.793e-04             104.892           1.000e+02     
 160.000         180.000            1.361e+00           1.361e+00              78.937           3.793e-04             103.323           1.000e+02     
 165.000         180.000            1.452e+00           1.452e+00              78.363           3.797e-04             101.633           1.000e+02     
 170.000         180.000            1.518e+00           1.518e+00              77.770           3.806e-04              99.840           1.000e+02     
 175.000         180.000            1.556e+00           1.556e+00              77.164           3.822e-04              97.966           1.000e+02     
 180.000         180.000            1.564e+00           1.564e+00              76.552           3.846e-04              96.037           1.000e+02     
   0.000         185.000            1.474e+00           1.460e+00             256.882           1.468e-02              78.390           1.000e+02     
   5.000         185.000            1.477e+00           1.462e+00             257.562           1.473e-02              79.239           1.000e+02     
  10.000         185.000            1.450e+00           1.436e+00             258.246           1.473e-02              80.094           1.000e+02     
  15.000         185.000            1.396e+00           1.381e+00             258.932           1.470e-02              80.946           1.000e+02     
  20.000         185.000            1.317e+00           1.302e+00             259.616           1.462e-02              81.788           1.000e+02     
  25.000         185.000            1.216e+00           1.202e+00             260.292           1.451e-02              82.612           1.000e+02     
  30.000         185.000            1.100e+00           1.085e+00             260.959           1.437e-02              83.410           1.000e+02     
  35.000         185.000            9.722e-01           9.580e-01             261.614           1.421e-02              84.175           1.000e+02     
  40.000         185.000            8.389e-01           8.249e-01             262.254           1.403e-02              84.900           1.000e+02     
  45.000         185.000            7.050e-01           6.912e-01             262.880           1.385e-02              85.579           1.000e+02     
  50.000         185.000            5.751e-01           5.615e-01             263.494           1.367e-02              86.206           1.000e+02     
  55.000         185.000            4.532e-01           4.397e-01             264.104           1.350e-02              86.775           1.000e+02     
  60.000         185.000            3.424e-01           3.291e-01             264.722           1.334e-02              87.283           1.000e+02     
  65.000         185.000            2.453e-01           2.321e-01             265.379           1.320e-02              87.724           1.000e+02     
  70.000         185.000            1.638e-01           1.507e-01             266.135           1.309e-02              88.097           1.000e+02     
  75.000         185.000            9.908e-02           8.607e-02             267.138           1.301e-02              88.397           1.000e+02     
  80.000         185.000            5.209e-02           3.912e-02             268.828           1.297e-02              88.623           1.000e+02     
  85.000         185.000            2.337e-02           1.041e-02             273.306           1.296e-02              88.774           2.543e+01     
  90.000         185.000            1.326e-02           2.699e-04             339.823           1.299e-02              88.848           7.355e+00     
  95.000         185.000            2.190e-02           8.839e-03              74.677           1.306e-02              88.846           8.205e+00     
 100.000         185.000            4.929e-02           3.612e-02              79.556           1.317e-02              88.767           1.405e+01     
 105.000         185.000            9.527e-02           8.196e-02              81.054           1.331e-02              88.612           2.188e+01     
 110.000         185.000            1.594e-01           1.460e-01              81.676           1.349e-02              88.383           3.073e+01     
 115.000         185.000            2.411e-01           2.274e-01              81.916           1.370e-02              88.081           4.020e+01     
 120.000         185.000            3.391e-01           3.252e-01              81.941           1.394e-02              87.709           5.009e+01     
 125.000         185.000            4.517e-01           4.375e-01              81.822           1.420e-02              87.271           6.033e+01     
 130.000         185.000            5.767e-01           5.622e-01              81.596           1.448e-02              86.770           7.087e+01     
 135.000         185.000            7.108e-01           6.960e-01              81.287           1.476e-02              86.209           8.171e+01     
 140.000         185.000            8.502e-01           8.352e-01              80.909           1.504e-02              85.595           9.284e+01     
 145.000         185.000            9.904e-01           9.751e-01              80.475           1.532e-02              84.933           1.000e+02     
 150.000         185.000            1.126e+00           1.111e+00              79.994           1.557e-02              84.228           1.000e+02     
 155.000         185.000            1.252e+00           1.236e+00              79.474           1.580e-02              83.486           1.000e+02     
 160.000         185.000            1.363e+00           1.347e+00              78.922           1.599e-02              82.716           1.000e+02     
 165.000         185.000            1.453e+00           1.437e+00              78.345           1.614e-02              81.923           1.000e+02     
 170.000         185.000            1.519e+00           1.503e+00              77.749           1.624e-02              81.114           1.000e+02     
 175.000         185.000            1.556e+00           1.540e+00              77.141           1.629e-02              80.298           1.000e+02     
 180.000         185.000            1.564e+00           1.548e+00              76.526           1.627e-02              79.480           1.000e+02     
   0.000         190.000            1.474e+00           1.423e+00             256.869           5.107e-02              77.687           1.000e+02     
   5.000         190.000            1.477e+00           1.426e+00             257.547           5.134e-02              78.436           1.000e+02     
  10.000         190.000            1.451e+00           1.400e+00             258.230           5.143e-02              79.187           1.000e+02     
  15.000         190.000            1.398e+00           1.347e+00             258.914           5.135e-02              79.934           1.000e+02     
  20.000         190.000            1.321e+00           1.270e+00             259.596           5.110e-02              80.670           1.000e+02     
  25.000         190.000            1.223e+00           1.173e+00             260.271           5.072e-02              81.390           1.000e+02     
  30.000         190.000            1.110e+00           1.060e+00             260.937           5.021e-02              82.086           1.000e+02     
  35.000         190.000            9.851e-01           9.355e-01             261.590           4.960e-02              82.752           1.000e+02     
  40.000         190.000            8.549e-01           8.059e-01             262.229           4.893e-02              83.383           1.000e+02     
  45.000         190.000            7.239e-01           6.757e-01             262.855           4.823e-02              83.973           1.000e+02     
  50.000         190.000            5.967e-01           5.492e-01             263.469           4.752e-02              84.516           1.000e+02     
  55.000         190.000            4.772e-01           4.303e-01             264.078           4.683e-02              85.009           1.000e+02     
  60.000         190.000            3.685e-01           3.223e-01             264.698           4.619e-02              85.446           1.000e+02     
  65.000         190.000            2.731e-01           2.275e-01             265.356           4.563e-02              85.824           1.000e+02     
  70.000         190.000            1.929e-01           1.477e-01             266.117           4.516e-02              86.141           1.000e+02     
  75.000         190.000            1.292e-01           8.443e-02             267.128           4.480e-02              86.392           1.000e+02     
  80.000         190.000            8.297e-02           3.841e-02             268.832           4.456e-02              86.577           5.094e+01     
  85.000         190.000            5.471e-02           1.025e-02             273.350           4.446e-02              86.693           2.206e+01     
  90.000         190.000            4.478e-02           2.720e-04             339.378           4.451e-02              86.741           1.341e+01     
  95.000         190.000            5.333e-02           8.639e-03              74.495           4.469e-02              86.719           1.274e+01     
 100.000         190.000            8.037e-02           3.535e-02              79.447           4.502e-02              86.628           1.605e+01     
 105.000         190.000            1.257e-01           8.022e-02              80.967           4.549e-02              86.469           2.166e+01     
 110.000         190.000            1.889e-01           1.428e-01              81.600           4.609e-02              86.244           2.873e+01     
 115.000         190.000            2.693e-01           2.225e-01              81.849           4.680e-02              85.954           3.684e+01     
 120.000         190.000            3.657e-01           3.181e-01              81.879           4.762e-02              85.602           4.573e+01     
 125.000         190.000            4.763e-01           4.278e-01              81.764           4.852e-02              85.191           5.528e+01     
 130.000         190.000            5.989e-01           5.495e-01              81.542           4.948e-02              84.725           6.540e+01     
 135.000         190.000            7.304e-01           6.800e-01              81.236           5.046e-02              84.208           7.604e+01     
 140.000         190.000            8.670e-01           8.155e-01              80.862           5.145e-02              83.645           8.717e+01     
 145.000         190.000            1.004e+00           9.517e-01              80.431           5.240e-02              83.040           9.879e+01     
 150.000         190.000            1.137e+00           1.084e+00              79.953           5.328e-02              82.398           1.000e+02     
 155.000         190.000            1.260e+00           1.206e+00              79.435           5.405e-02              81.727           1.000e+02     
 160.000         190.000            1.368e+00           1.313e+00              78.886           5.470e-02              81.030           1.000e+02     
 165.000         190.000            1.456e+00           1.401e+00              78.311           5.518e-02              80.315           1.000e+02     
 170.000         190.000            1.520e+00           1.464e+00              77.718           5.547e-02              79.588           1.000e+02     
 175.000         190.000            1.557e+00           1.501e+00              77.112           5.556e-02              78.854           1.000e+02     
 180.000         190.000            1.564e+00           1.509e+00              76.499           5.543e-02              78.120           1.000e+02     
   0.000         195.000            1.474e+00           1.366e+00             256.855           1.083e-01              77.429           1.000e+02     
   5.000         195.000            1.477e+00           1.368e+00             257.527           1.089e-01              78.135           1.000e+02     
  10.000         195.000            1.453e+00           1.344e+00             258.204           1.092e-01              78.843           1.000e+02     
  15.000         195.000            1.402e+00           1.293e+00             258.882           1.091e-01              79.545           1.000e+02     
  20.000         195.000            1.328e+00           1.220e+00             259.558           1.086e-01              80.237           1.000e+02     
  25.000         195.000            1.235e+00           1.127e+00             260.227           1.078e-01              80.913           1.000e+02     
  30.000         195.000            1.125e+00           1.019e+00             260.887           1.068e-01              81.565           1.000e+02     
  35.000         195.000            1.006e+00           9.002e-01             261.535           1.055e-01              82.190           1.000e+02     
  40.000         195.000            8.802e-01           7.761e-01             262.169           1.041e-01              82.780           1.000e+02     
  45.000         195.000            7.539e-01           6.512e-01             262.790           1.026e-01              83.332           1.000e+02     
  50.000         195.000            6.309e-01           5.298e-01             263.401           1.011e-01              83.839           1.000e+02     
  55.000         195.000            5.152e-01           4.155e-01             264.008           9.966e-02              84.298           1.000e+02     
  60.000         195.000            4.097e-01           3.114e-01             264.626           9.830e-02              84.705           1.000e+02     
  65.000         195.000            3.171e-01           2.200e-01             265.285           9.708e-02              85.056           1.000e+02     
  70.000         195.000            2.391e-01           1.430e-01             266.049           9.606e-02              85.348           1.000e+02     
  75.000         195.000            1.771e-01           8.181e-02             267.068           9.527e-02              85.578           7.714e+01     
  80.000         195.000            1.320e-01           3.726e-02             268.791           9.474e-02              85.745           4.179e+01     
  85.000         195.000            1.045e-01           9.969e-03             273.357           9.449e-02              85.847           2.600e+01     
  90.000         195.000            9.482e-02           2.725e-04             338.768           9.454e-02              85.883           1.949e+01     
  95.000         195.000            1.032e-01           8.332e-03              74.220           9.490e-02              85.854           1.815e+01     
 100.000         195.000            1.297e-01           3.414e-02              79.263           9.555e-02              85.760           2.002e+01     
 105.000         195.000            1.740e-01           7.750e-02              80.812           9.650e-02              85.601           2.406e+01     
 110.000         195.000            2.357e-01           1.380e-01              81.461           9.772e-02              85.379           2.968e+01     
 115.000         195.000            3.140e-01           2.148e-01              81.721           9.918e-02              85.096           3.651e+01     
 120.000         195.000            4.078e-01           3.069e-01              81.760           1.009e-01              84.754           4.434e+01     
 125.000         195.000            5.153e-01           4.126e-01              81.653           1.027e-01              84.358           5.302e+01     
 130.000         195.000            6.342e-01           5.295e-01              81.439           1.047e-01              83.910           6.247e+01     
 135.000         195.000            7.615e-01           6.548e-01              81.141           1.067e-01              83.414           7.263e+01     
 140.000         195.000            8.935e-01           7.847e-01              80.774           1.087e-01              82.874           8.346e+01     
 145.000         195.000            1.026e+00           9.151e-01              80.351           1.107e-01              82.296           9.496e+01     
 150.000         195.000            1.154e+00           1.041e+00              79.880           1.125e-01              81.684           1.000e+02     
 155.000         195.000            1.272e+00           1.158e+00              79.370           1.141e-01              81.043           1.000e+02     
 160.000         195.000            1.376e+00           1.261e+00              78.829           1.154e-01              80.380           1.000e+02     
 165.000         195.000            1.461e+00           1.344e+00              78.262           1.163e-01              79.700           1.000e+02     
 170.000         195.000            1.522e+00           1.405e+00              77.676           1.169e-01              79.008           1.000e+02     
 175.000         195.000            1.557e+00           1.440e+00              77.077           1.170e-01              78.310           1.000e+02     
 180.000         195.000            1.564e+00           1.447e+00              76.472           1.167e-01              77.612           1.000e+02     
   0.000         200.000            1.474e+00           1.290e+00             256.841           1.846e-01              77.293           1.000e+02     
   5.000         200.000            1.477e+00           1.292e+00             257.502           1.858e-01              77.969           1.000e+02     
  10.000         200.000            1.455e+00           1.268e+00             258.168           1.863e-01              78.646           1.000e+02     
  15.000         200.000            1.408e+00           1.221e+00             258.836           1.862e-01              79.318           1.000e+02     
  20.000         200.000            1.338e+00           1.153e+00             259.501           1.855e-01              79.979           1.000e+02     
  25.000         200.000            1.250e+00           1.065e+00             260.160           1.842e-01              80.624           1.000e+02     
  30.000         200.000            1.147e+00           9.641e-01             260.810           1.826e-01              81.246           1.000e+02     
  35.000         200.000            1.033e+00           8.527e-01             261.449           1.806e-01              81.841           1.000e+02     
  40.000         200.000            9.143e-01           7.360e-01             262.075           1.783e-01              82.404           1.000e+02     
  45.000         200.000            7.941e-01           6.183e-01             262.688           1.759e-01              82.928           1.000e+02     
  50.000         200.000            6.770e-01           5.036e-01             263.292           1.734e-01              83.411           1.000e+02     
  55.000         200.000            5.664e-01           3.954e-01             263.894           1.710e-01              83.847           1.000e+02     
  60.000         200.000            4.655e-01           2.967e-01             264.509           1.687e-01              84.233           1.000e+02     
  65.000         200.000            3.766e-01           2.099e-01             265.167           1.667e-01              84.565           1.000e+02     
  70.000         200.000            3.016e-01           1.366e-01             265.933           1.650e-01              84.840           1.000e+02     
  75.000         200.000            2.420e-01           7.822e-02             266.961           1.637e-01              85.056           6.430e+01     
  80.000         200.000            1.985e-01           3.568e-02             268.705           1.628e-01              85.211           4.272e+01     
  85.000         200.000            1.720e-01           9.580e-03             273.329           1.624e-01              85.304           3.120e+01     
  90.000         200.000            1.628e-01           2.716e-04             337.975           1.625e-01              85.335           2.563e+01     
  95.000         200.000            1.710e-01           7.920e-03              73.844           1.631e-01              85.302           2.391e+01     
 100.000         200.000            1.966e-01           3.251e-02              79.002           1.641e-01              85.207           2.487e+01     
 105.000         200.000            2.395e-01           7.382e-02              80.588           1.657e-01              85.049           2.780e+01     
 110.000         200.000            2.990e-01           1.314e-01              81.258           1.676e-01              84.832           3.229e+01     
 115.000         200.000            3.745e-01           2.045e-01              81.532           1.700e-01              84.557           3.804e+01     
 120.000         200.000            4.647e-01           2.919e-01              81.584           1.728e-01              84.225           4.489e+01     
 125.000         200.000            5.679e-01           3.921e-01              81.490           1.758e-01              83.841           5.270e+01     
 130.000         200.000            6.817e-01           5.027e-01              81.287           1.790e-01              83.408           6.140e+01     
 135.000         200.000            8.033e-01           6.210e-01              81.001           1.823e-01              82.929           7.096e+01     
 140.000         200.000            9.291e-01           7.435e-01              80.646           1.856e-01              82.408           8.133e+01     
 145.000         200.000            1.055e+00           8.662e-01              80.235           1.887e-01              81.851           9.251e+01     
 150.000         200.000            1.176e+00           9.847e-01              79.776           1.916e-01              81.261           1.000e+02     
 155.000         200.000            1.289e+00           1.094e+00              79.279           1.942e-01              80.645           1.000e+02     
 160.000         200.000            1.387e+00           1.190e+00              78.750           1.962e-01              80.007           1.000e+02     
 165.000         200.000            1.467e+00           1.269e+00              78.196           1.977e-01              79.352           1.000e+02     
 170.000         200.000            1.524e+00           1.326e+00              77.622           1.986e-01              78.686           1.000e+02     
 175.000         200.000            1.557e+00           1.359e+00              77.036           1.987e-01              78.015           1.000e+02     
 180.000         200.000            1.564e+00           1.366e+00              76.442           1.981e-01              77.343           1.000e+02     
   0.000         205.000            1.474e+00           1.197e+00             256.825           2.778e-01              77.208           1.000e+02     
   5.000         205.000            1.478e+00           1.198e+00             257.472           2.795e-01              77.857           1.000e+02     
  10.000         205.000            1.457e+00           1.177e+00             258.123           2.803e-01              78.506           1.000e+02     
  15.000         205.000            1.414e+00           1.134e+00             258.776           2.803e-01              79.150           1.000e+02     
  20.000         205.000            1.350e+00           1.070e+00             259.426           2.794e-01              79.783           1.000e+02     
  25.000         205.000            1.268e+00           9.904e-01             260.071           2.777e-01              80.400           1.000e+02     
  30.000         205.000            1.173e+00           8.971e-01             260.707           2.755e-01              80.995           1.000e+02     
  35.000         205.000            1.067e+00           7.944e-01             261.333           2.727e-01              81.564           1.000e+02     
  40.000         205.000            9.561e-01           6.866e-01             261.947           2.695e-01              82.101           1.000e+02     
  45.000         205.000            8.438e-01           5.776e-01             262.549           2.662e-01              82.602           1.000e+02     
  50.000         205.000            7.339e-01           4.711e-01             263.144           2.627e-01              83.062           1.000e+02     
  55.000         205.000            6.299e-01           3.705e-01             263.738           2.594e-01              83.477           1.000e+02     
  60.000         205.000            5.346e-01           2.784e-01             264.348           2.562e-01              83.844           1.000e+02     
  65.000         205.000            4.506e-01           1.972e-01             265.004           2.534e-01              84.159           1.000e+02     
  70.000         205.000            3.795e-01           1.285e-01             265.773           2.510e-01              84.420           8.951e+01     
  75.000         205.000            3.229e-01           7.371e-02             266.811           2.492e-01              84.625           6.245e+01     
  80.000         205.000            2.816e-01           3.369e-02             268.580           2.479e-01              84.771           4.636e+01     
  85.000         205.000            2.564e-01           9.087e-03             273.275           2.473e-01              84.857           3.692e+01     
  90.000         205.000            2.477e-01           2.692e-04             336.975           2.474e-01              84.883           3.187e+01     
  95.000         205.000            2.556e-01           7.407e-03              73.358           2.482e-01              84.848           2.989e+01     
 100.000         205.000            2.802e-01           3.047e-02              78.659           2.497e-01              84.754           3.022e+01     
 105.000         205.000            3.211e-01           6.923e-02              80.293           2.519e-01              84.600           3.235e+01     
 110.000         205.000            3.779e-01           1.232e-01              80.989           2.547e-01              84.389           3.595e+01     
 115.000         205.000            4.498e-01           1.916e-01              81.283           2.581e-01              84.122           4.080e+01     
 120.000         205.000            5.353e-01           2.733e-01              81.352           2.620e-01              83.802           4.678e+01     
 125.000         205.000            6.329e-01           3.667e-01              81.273           2.663e-01              83.431           5.378e+01     
 130.000         205.000            7.404e-01           4.696e-01              81.086           2.708e-01              83.012           6.175e+01     
 135.000         205.000            8.548e-01           5.794e-01              80.816           2.754e-01              82.551           7.066e+01     
 140.000         205.000            9.729e-01           6.928e-01              80.477           2.801e-01              82.049           8.049e+01     
 145.000         205.000            1.091e+00           8.062e-01              80.082           2.845e-01              81.513           9.124e+01     
 150.000         205.000            1.204e+00           9.155e-01              79.641           2.886e-01              80.945           1.000e+02     
 155.000         205.000            1.309e+00           1.016e+00              79.161           2.921e-01              80.352           1.000e+02     
 160.000         205.000            1.400e+00           1.105e+00              78.649           2.950e-01              79.738           1.000e+02     
 165.000         205.000            1.474e+00           1.177e+00              78.113           2.970e-01              79.108           1.000e+02     
 170.000         205.000            1.528e+00           1.229e+00              77.557           2.981e-01              78.467           1.000e+02     
 175.000         205.000            1.558e+00           1.260e+00              76.988           2.983e-01              77.821           1.000e+02     
 180.000         205.000            1.564e+00           1.267e+00              76.411           2.973e-01              77.175           1.000e+02     
   0.000         210.000            1.474e+00           1.090e+00             256.808           3.849e-01              77.149           1.000e+02     
   5.000         210.000            1.478e+00           1.091e+00             257.436           3.872e-01              77.770           1.000e+02     
  10.000         210.000            1.460e+00           1.071e+00             258.068           3.884e-01              78.390           1.000e+02     
  15.000         210.000            1.421e+00           1.033e+00             258.702           3.885e-01              79.005           1.000e+02     
  20.000         210.000            1.363e+00           9.758e-01             259.334           3.875e-01              79.609           1.000e+02     
  25.000         210.000            1.289e+00           9.037e-01             259.960           3.856e-01              80.198           1.000e+02     
  30.000         210.000            1.202e+00           8.195e-01             260.579           3.828e-01              80.765           1.000e+02     
  35.000         210.000            1.106e+00           7.268e-01             261.188           3.794e-01              81.307           1.000e+02     
  40.000         210.000            1.005e+00           6.291e-01             261.787           3.755e-01              81.819           1.000e+02     
  45.000         210.000            9.014e-01           5.301e-01             262.375           3.713e-01              82.295           1.000e+02     
  50.000         210.000            8.002e-01           4.331e-01             262.958           3.670e-01              82.733           1.000e+02     
  55.000         210.000            7.040e-01           3.412e-01             263.543           3.628e-01              83.128           1.000e+02     
  60.000         210.000            6.157e-01           2.568e-01             264.146           3.589e-01              83.476           1.000e+02     
  65.000         210.000            5.375e-01           1.822e-01             264.800           3.553e-01              83.775           1.000e+02     
  70.000         210.000            4.713e-01           1.189e-01             265.572           3.523e-01              84.022           8.513e+01     
  75.000         210.000            4.183e-01           6.834e-02             266.622           3.500e-01              84.215           6.441e+01     
  80.000         210.000            3.798e-01           3.131e-02             268.422           3.485e-01              84.352           5.120e+01     
  85.000         210.000            3.562e-01           8.494e-03             273.202           3.477e-01              84.432           4.297e+01     
  90.000         210.000            3.482e-01           2.655e-04             335.735           3.479e-01              84.455           3.823e+01     
  95.000         210.000            3.558e-01           6.799e-03              72.747           3.490e-01              84.420           3.607e+01     
 100.000         210.000            3.790e-01           2.806e-02              78.231           3.510e-01              84.328           3.594e+01     
 105.000         210.000            4.176e-01           6.380e-02              79.924           3.538e-01              84.179           3.744e+01     
 110.000         210.000            4.710e-01           1.135e-01              80.653           3.574e-01              83.975           4.033e+01     
 115.000         210.000            5.382e-01           1.764e-01              80.972           3.618e-01              83.718           4.444e+01     
 120.000         210.000            6.182e-01           2.514e-01              81.062           3.668e-01              83.410           4.966e+01     
 125.000         210.000            7.091e-01           3.369e-01              81.003           3.722e-01              83.054           5.593e+01     
 130.000         210.000            8.089e-01           4.308e-01              80.836           3.780e-01              82.652           6.320e+01     
 135.000         210.000            9.148e-01           5.308e-01              80.585           3.840e-01              82.210           7.147e+01     
 140.000         210.000            1.024e+00           6.339e-01              80.267           3.898e-01              81.729           8.072e+01     
 145.000         210.000            1.132e+00           7.366e-01              79.894           3.954e-01              81.215           9.098e+01     
 150.000         210.000            1.236e+00           8.355e-01              79.474           4.006e-01              80.671           1.000e+02     
 155.000         210.000            1.332e+00           9.266e-01              79.016           4.050e-01              80.103           1.000e+02     
 160.000         210.000            1.415e+00           1.006e+00              78.526           4.086e-01              79.514           1.000e+02     
 165.000         210.000            1.482e+00           1.071e+00              78.012           4.112e-01              78.911           1.000e+02     
 170.000         210.000            1.531e+00           1.119e+00              77.479           4.125e-01              78.297           1.000e+02     
 175.000         210.000            1.559e+00           1.146e+00              76.932           4.126e-01              77.678           1.000e+02     
 180.000         210.000            1.564e+00           1.153e+00              76.378           4.113e-01              77.058           1.000e+02     
   0.000         215.000            1.474e+00           9.717e-01             256.790           5.027e-01              77.105           1.000e+02     
   5.000         215.000            1.478e+00           9.727e-01             257.394           5.056e-01              77.696           1.000e+02     
  10.000         215.000            1.463e+00           9.556e-01             258.004           5.072e-01              78.285           1.000e+02     
  15.000         215.000            1.429e+00           9.214e-01             258.615           5.076e-01              78.869           1.000e+02     
  20.000         215.000            1.378e+00           8.714e-01             259.224           5.066e-01              79.442           1.000e+02     
  25.000         215.000            1.312e+00           8.079e-01             259.829           5.046e-01              80.000           1.000e+02     
  30.000         215.000            1.235e+00           7.336e-01             260.427           5.016e-01              80.538           1.000e+02     
  35.000         215.000            1.149e+00           6.516e-01             261.016           4.977e-01              81.052           1.000e+02     
  40.000         215.000            1.058e+00           5.650e-01             261.597           4.934e-01              81.536           1.000e+02     
  45.000         215.000            9.655e-01           4.770e-01             262.169           4.886e-01              81.987           1.000e+02     
  50.000         215.000            8.741e-01           3.904e-01             262.738           4.837e-01              82.401           1.000e+02     
  55.000         215.000            7.870e-01           3.082e-01             263.311           4.789e-01              82.774           1.000e+02     
  60.000         215.000            7.068e-01           2.324e-01             263.907           4.743e-01              83.103           1.000e+02     
  65.000         215.000            6.355e-01           1.652e-01             264.558           4.703e-01              83.385           1.000e+02     
  70.000         215.000            5.749e-01           1.080e-01             265.335           4.669e-01              83.617           8.540e+01     
  75.000         215.000            5.264e-01           6.221e-02             266.400           4.642e-01              83.798           6.822e+01     
  80.000         215.000            4.911e-01           2.859e-02             268.240           4.625e-01              83.927           5.677e+01     
  85.000         215.000            4.696e-01           7.811e-03             273.123           4.617e-01              84.001           4.930e+01     
  90.000         215.000            4.623e-01           2.607e-04             334.212           4.620e-01              84.020           4.475e+01     
  95.000         215.000            4.695e-01           6.108e-03              71.992           4.634e-01              83.985           4.245e+01     
 100.000         215.000            4.911e-01           2.531e-02              77.710           4.658e-01              83.896           4.195e+01     
 105.000         215.000            5.268e-01           5.761e-02              79.477           4.692e-01              83.753           4.295e+01     
 110.000         215.000            5.761e-01           1.025e-01              80.248           4.736e-01              83.558           4.526e+01     
 115.000         215.000            6.380e-01           1.592e-01              80.597           4.788e-01              83.313           4.875e+01     
 120.000         215.000            7.114e-01           2.266e-01              80.713           4.847e-01              83.019           5.332e+01     
 125.000         215.000            7.945e-01           3.033e-01              80.678           4.912e-01              82.680           5.893e+01     
 130.000         215.000            8.854e-01           3.874e-01              80.536           4.981e-01              82.297           6.555e+01     
 135.000         215.000            9.816e-01           4.765e-01              80.309           5.050e-01              81.876           7.319e+01     
 140.000         215.000            1.080e+00           5.682e-01              80.016           5.120e-01              81.418           8.185e+01     
 145.000         215.000            1.178e+00           6.594e-01              79.668           5.185e-01              80.929           9.158e+01     
 150.000         215.000            1.271e+00           7.469e-01              79.275           5.245e-01              80.411           1.000e+02     
 155.000         215.000            1.357e+00           8.274e-01              78.843           5.297e-01              79.870           1.000e+02     
 160.000         215.000            1.432e+00           8.978e-01              78.380           5.338e-01              79.310           1.000e+02     
 165.000         215.000            1.492e+00           9.551e-01              77.893           5.367e-01              78.735           1.000e+02     
 170.000         215.000            1.535e+00           9.969e-01              77.387           5.382e-01              78.151           1.000e+02     
 175.000         215.000            1.560e+00           1.021e+00              76.868           5.381e-01              77.561           1.000e+02     
 180.000         215.000            1.564e+00           1.028e+00              76.340           5.364e-01              76.971           1.000e+02     
   0.000         220.000            1.474e+00           8.468e-01             256.768           6.276e-01              77.071           1.000e+02     
   5.000         220.000            1.479e+00           8.474e-01             257.347           6.311e-01              77.628           1.000e+02     
  10.000         220.000            1.466e+00           8.327e-01             257.930           6.332e-01              78.184           1.000e+02     
  15.000         220.000            1.437e+00           8.033e-01             258.515           6.338e-01              78.734           1.000e+02     
  20.000         220.000            1.393e+00           7.604e-01             259.099           6.331e-01              79.274           1.000e+02     
  25.000         220.000            1.337e+00           7.058e-01             259.679           6.311e-01              79.799           1.000e+02     
  30.000         220.000            1.270e+00           6.418e-01             260.253           6.281e-01              80.305           1.000e+02     
  35.000         220.000            1.195e+00           5.710e-01             260.820           6.242e-01              80.787           1.000e+02     
  40.000         220.000            1.116e+00           4.960e-01             261.379           6.197e-01              81.242           1.000e+02     
  45.000         220.000            1.034e+00           4.196e-01             261.933           6.147e-01              81.665           1.000e+02     
  50.000         220.000            9.537e-01           3.442e-01             262.487           6.096e-01              82.053           1.000e+02     
  55.000         220.000            8.767e-01           2.722e-01             263.048           6.045e-01              82.403           1.000e+02     
  60.000         220.000            8.054e-01           2.057e-01             263.636           5.997e-01              82.711           1.000e+02     
  65.000         220.000            7.420e-01           1.465e-01             264.286           5.954e-01              82.975           1.000e+02     
  70.000         220.000            6.879e-01           9.605e-02             265.069           5.919e-01              83.192           8.810e+01     
  75.000         220.000            6.446e-01           5.545e-02             266.155           5.891e-01              83.361           7.315e+01     
  80.000         220.000            6.130e-01           2.558e-02             268.043           5.874e-01              83.480           6.285e+01     
  85.000         220.000            5.938e-01           7.053e-03             273.052           5.867e-01              83.548           5.589e+01     
  90.000         220.000            5.874e-01           2.551e-04             332.360           5.872e-01              83.565           5.146e+01     
  95.000         220.000            5.941e-01           5.347e-03              71.063           5.888e-01              83.531           4.903e+01     
 100.000         220.000            6.139e-01           2.228e-02              77.084           5.916e-01              83.445           4.823e+01     
 105.000         220.000            6.463e-01           5.080e-02              78.947           5.955e-01              83.309           4.883e+01     
 110.000         220.000            6.908e-01           9.042e-02              79.770           6.004e-01              83.125           5.065e+01     
 115.000         220.000            7.466e-01           1.404e-01              80.156           6.063e-01              82.892           5.360e+01     
 120.000         220.000            8.125e-01           1.996e-01              80.304           6.129e-01              82.614           5.759e+01     
 125.000         220.000            8.869e-01           2.668e-01              80.298           6.201e-01              82.294           6.261e+01     
 130.000         220.000            9.680e-01           3.403e-01              80.184           6.277e-01              81.933           6.863e+01     
 135.000         220.000            1.053e+00           4.180e-01              79.987           6.354e-01              81.535           7.567e+01     
 140.000         220.000            1.141e+00           4.976e-01              79.723           6.430e-01              81.103           8.376e+01     
 145.000         220.000            1.227e+00           5.766e-01              79.405           6.502e-01              80.640           9.294e+01     
 150.000         220.000            1.309e+00           6.522e-01              79.042           6.568e-01              80.152           1.000e+02     
 155.000         220.000            1.384e+00           7.217e-01              78.641           6.624e-01              79.641           1.000e+02     
 160.000         220.000            1.449e+00           7.824e-01              78.210           6.668e-01              79.112           1.000e+02     
 165.000         220.000            1.502e+00           8.318e-01              77.755           6.699e-01              78.569           1.000e+02     
 170.000         220.000            1.539e+00           8.680e-01              77.281           6.713e-01              78.017           1.000e+02     
 175.000         220.000            1.560e+00           8.893e-01              76.793           6.711e-01              77.460           1.000e+02     
 180.000         220.000            1.564e+00           8.951e-01              76.297           6.691e-01              76.903           1.000e+02     
   0.000         225.000            1.474e+00           7.186e-01             256.744           7.559e-01              77.043           1.000e+02     
   5.000         225.000            1.479e+00           7.189e-01             257.293           7.598e-01              77.564           1.000e+02     
  10.000         225.000            1.469e+00           7.066e-01             257.847           7.623e-01              78.083           1.000e+02     
  15.000         225.000            1.445e+00           6.820e-01             258.402           7.633e-01              78.596           1.000e+02     
  20.000         225.000            1.409e+00           6.461e-01             258.958           7.630e-01              79.099           1.000e+02     
  25.000         225.000            1.362e+00           6.005e-01             259.510           7.614e-01              79.589           1.000e+02     
  30.000         225.000            1.306e+00           5.468e-01             260.058           7.587e-01              80.060           1.000e+02     
  35.000         225.000            1.242e+00           4.873e-01             260.601           7.550e-01              80.509           1.000e+02     
  40.000         225.000            1.175e+00           4.242e-01             261.138           7.507e-01              80.932           1.000e+02     
  45.000         225.000            1.105e+00           3.595e-01             261.673           7.460e-01              81.326           1.000e+02     
  50.000         225.000            1.037e+00           2.955e-01             262.209           7.410e-01              81.686           1.000e+02     
  55.000         225.000            9.703e-01           2.342e-01             262.759           7.361e-01              82.011           1.000e+02     
  60.000         225.000            9.089e-01           1.774e-01             263.340           7.314e-01              82.296           1.000e+02     
  65.000         225.000            8.540e-01           1.267e-01             263.989           7.273e-01              82.541           1.000e+02     
  70.000         225.000            8.071e-01           8.325e-02             264.783           7.239e-01              82.742           9.230e+01     
  75.000         225.000            7.695e-01           4.821e-02             265.897           7.213e-01              82.898           7.886e+01     
  80.000         225.000            7.421e-01           2.234e-02             267.847           7.197e-01              83.007           6.935e+01     
  85.000         225.000            7.255e-01           6.236e-03             273.009           7.193e-01              83.069           6.274e+01     
  90.000         225.000            7.202e-01           2.491e-04             330.126           7.200e-01              83.084           5.839e+01     
  95.000         225.000            7.264e-01           4.537e-03              69.913           7.219e-01              83.050           5.583e+01     
 100.000         225.000            7.440e-01           1.905e-02              76.335           7.250e-01              82.969           5.478e+01     
 105.000         225.000            7.728e-01           4.355e-02              78.323           7.292e-01              82.841           5.503e+01     
 110.000         225.000            8.121e-01           7.755e-02              79.212           7.345e-01              82.667           5.644e+01     
 115.000         225.000            8.611e-01           1.204e-01              79.645           7.408e-01              82.450           5.891e+01     
 120.000         225.000            9.188e-01           1.710e-01              79.831           7.478e-01              82.189           6.240e+01     
 125.000         225.000            9.837e-01           2.284e-01              79.860           7.553e-01              81.889           6.688e+01     
 130.000         225.000            1.054e+00           2.908e-01              79.780           7.633e-01              81.552           7.235e+01     
 135.000         225.000            1.128e+00           3.567e-01              79.616           7.713e-01              81.179           7.883e+01     
 140.000         225.000            1.203e+00           4.241e-01              79.386           7.792e-01              80.775           8.635e+01     
 145.000         225.000            1.277e+00           4.907e-01              79.103           7.866e-01              80.343           9.497e+01     
 150.000         225.000            1.348e+00           5.544e-01              78.775           7.933e-01              79.886           1.000e+02     
 155.000         225.000            1.412e+00           6.127e-01              78.410           7.991e-01              79.408           1.000e+02     
 160.000         225.000            1.467e+00           6.637e-01              78.015           8.035e-01              78.914           1.000e+02     
 165.000         225.000            1.512e+00           7.052e-01              77.596           8.065e-01              78.406           1.000e+02     
 170.000         225.000            1.543e+00           7.356e-01              77.158           8.079e-01              77.890           1.000e+02     
 175.000         225.000            1.561e+00           7.538e-01              76.707           8.075e-01              77.369           1.000e+02     
 180.000         225.000            1.564e+00           7.590e-01              76.248           8.052e-01              76.847           1.000e+02     
   0.000         230.000            1.474e+00           5.909e-01             256.714           8.835e-01              77.020           1.000e+02     
   5.000         230.000            1.479e+00           5.911e-01             257.231           8.878e-01              77.500           1.000e+02     
  10.000         230.000            1.472e+00           5.810e-01             257.754           8.906e-01              77.980           1.000e+02     
  15.000         230.000            1.453e+00           5.611e-01             258.278           8.921e-01              78.453           1.000e+02     
  20.000         230.000            1.424e+00           5.320e-01             258.803           8.923e-01              78.917           1.000e+02     
  25.000         230.000            1.386e+00           4.951e-01             259.326           8.912e-01              79.368           1.000e+02     
  30.000         230.000            1.341e+00           4.515e-01             259.846           8.891e-01              79.802           1.000e+02     
  35.000         230.000            1.289e+00           4.031e-01             260.363           8.861e-01              80.215           1.000e+02     
  40.000         230.000            1.234e+00           3.515e-01             260.877           8.824e-01              80.604           1.000e+02     
  45.000         230.000            1.177e+00           2.986e-01             261.391           8.782e-01              80.966           1.000e+02     
  50.000         230.000            1.120e+00           2.460e-01             261.912           8.739e-01              81.297           1.000e+02     
  55.000         230.000            1.065e+00           1.955e-01             262.450           8.695e-01              81.595           1.000e+02     
  60.000         230.000            1.014e+00           1.484e-01             263.026           8.654e-01              81.857           1.000e+02     
  65.000         230.000            9.681e-01           1.062e-01             263.680           8.618e-01              82.080           1.000e+02     
  70.000         230.000            9.289e-01           7.002e-02             264.489           8.589e-01              82.264           9.754e+01     
  75.000         230.000            8.974e-01           4.070e-02             265.641           8.567e-01              82.406           8.517e+01     
  80.000         230.000            8.745e-01           1.898e-02             267.671           8.556e-01              82.506           7.623e+01     
  85.000         230.000            8.608e-01           5.382e-03             273.021           8.554e-01              82.561           6.987e+01     
  90.000         230.000            8.567e-01           2.432e-04             327.455           8.565e-01              82.573           6.555e+01     
  95.000         230.000            8.623e-01           3.702e-03              68.467           8.586e-01              82.541           6.288e+01     
 100.000         230.000            8.777e-01           1.572e-02              75.436           8.620e-01              82.465           6.161e+01     
 105.000         230.000            9.024e-01           3.606e-02              77.589           8.664e-01              82.345           6.155e+01     
 110.000         230.000            9.361e-01           6.430e-02              78.564           8.718e-01              82.184           6.259e+01     
 115.000         230.000            9.779e-01           9.982e-02              79.054           8.781e-01              81.982           6.465e+01     
 120.000         230.000            1.027e+00           1.418e-01              79.287           8.852e-01              81.741           6.769e+01     
 125.000         230.000            1.082e+00           1.891e-01              79.359           8.927e-01              81.463           7.168e+01     
 130.000         230.000            1.141e+00           2.406e-01              79.318           9.006e-01              81.151           7.663e+01     
 135.000         230.000            1.203e+00           2.947e-01              79.193           9.085e-01              80.807           8.257e+01     
 140.000         230.000            1.266e+00           3.499e-01              79.002           9.162e-01              80.433           8.954e+01     
 145.000         230.000            1.328e+00           4.043e-01              78.758           9.235e-01              80.033           9.760e+01     
 150.000         230.000            1.386e+00           4.563e-01              78.469           9.300e-01              79.611           1.000e+02     
 155.000         230.000            1.439e+00           5.038e-01              78.145           9.355e-01              79.169           1.000e+02     
 160.000         230.000            1.485e+00           5.452e-01              77.791           9.397e-01              78.712           1.000e+02     
 165.000         230.000            1.522e+00           5.791e-01              77.413           9.425e-01              78.242           1.000e+02     
 170.000         230.000            1.548e+00           6.040e-01              77.017           9.436e-01              77.765           1.000e+02     
 175.000         230.000            1.562e+00           6.190e-01              76.607           9.430e-01              77.283           1.000e+02     
 180.000         230.000            1.564e+00           6.236e-01              76.189           9.406e-01              76.801           1.000e+02     
   0.000         235.000            1.474e+00           4.676e-01             256.678           1.007e+00              76.999           1.000e+02     
   5.000         235.000            1.479e+00           4.677e-01             257.162           1.011e+00              77.437           1.000e+02     
  10.000         235.000            1.474e+00           4.598e-01             257.651           1.014e+00              77.874           1.000e+02     
  15.000         235.000            1.460e+00           4.443e-01             258.142           1.016e+00              78.305           1.000e+02     
  20.000         235.000            1.439e+00           4.217e-01             258.635           1.017e+00              78.727           1.000e+02     
  25.000         235.000            1.409e+00           3.929e-01             259.128           1.016e+00              79.137           1.000e+02     
  30.000         235.000            1.374e+00           3.589e-01             259.620           1.015e+00              79.531           1.000e+02     
  35.000         235.000            1.334e+00           3.210e-01             260.110           1.013e+00              79.906           1.000e+02     
  40.000         235.000            1.291e+00           2.805e-01             260.601           1.010e+00              80.259           1.000e+02     
  45.000         235.000            1.246e+00           2.387e-01             261.097           1.007e+00              80.586           1.000e+02     
  50.000         235.000            1.201e+00           1.972e-01             261.603           1.004e+00              80.886           1.000e+02     
  55.000         235.000            1.157e+00           1.570e-01             262.132           1.000e+00              81.156           1.000e+02     
  60.000         235.000            1.117e+00           1.196e-01             262.707           9.972e-01              81.392           1.000e+02     
  65.000         235.000            1.080e+00           8.583e-02             263.370           9.944e-01              81.594           1.000e+02     
  70.000         235.000            1.049e+00           5.677e-02             264.205           9.922e-01              81.759           1.000e+02     
  75.000         235.000            1.024e+00           3.315e-02             265.408           9.908e-01              81.887           9.199e+01     
  80.000         235.000            1.006e+00           1.558e-02             267.543           9.902e-01              81.976           8.346e+01     
  85.000         235.000            9.951e-01           4.515e-03             273.124           9.906e-01              82.025           7.728e+01     
  90.000         235.000            9.922e-01           2.378e-04             324.298           9.920e-01              82.034           7.297e+01     
  95.000         235.000            9.973e-01           2.875e-03              66.597           9.944e-01              82.003           7.019e+01     
 100.000         235.000            1.010e+00           1.239e-02              74.337           9.978e-01              81.933           6.872e+01     
 105.000         235.000            1.031e+00           2.859e-02              76.715           1.002e+00              81.823           6.839e+01     
 110.000         235.000            1.059e+00           5.110e-02              77.804           1.008e+00              81.675           6.910e+01     
 115.000         235.000            1.093e+00           7.939e-02              78.370           1.014e+00              81.490           7.079e+01     
 120.000         235.000            1.133e+00           1.128e-01              78.662           1.020e+00              81.270           7.340e+01     
 125.000         235.000            1.178e+00           1.504e-01              78.784           1.028e+00              81.016           7.694e+01     
 130.000         235.000            1.226e+00           1.911e-01              78.790           1.035e+00              80.730           8.141e+01     
 135.000         235.000            1.276e+00           2.339e-01              78.710           1.043e+00              80.416           8.684e+01     
 140.000         235.000            1.327e+00           2.774e-01              78.564           1.050e+00              80.075           9.328e+01     
 145.000         235.000            1.377e+00           3.202e-01              78.364           1.056e+00              79.710           1.000e+02     
 150.000         235.000            1.423e+00           3.610e-01              78.121           1.062e+00              79.325           1.000e+02     
 155.000         235.000            1.466e+00           3.983e-01              77.842           1.067e+00              78.921           1.000e+02     
 160.000         235.000            1.502e+00           4.308e-01              77.534           1.071e+00              78.504           1.000e+02     
 165.000         235.000            1.531e+00           4.574e-01              77.202           1.074e+00              78.076           1.000e+02     
 170.000         235.000            1.551e+00           4.770e-01              76.852           1.074e+00              77.640           1.000e+02     
 175.000         235.000            1.563e+00           4.890e-01              76.488           1.074e+00              77.200           1.000e+02     
 180.000         235.000            1.564e+00           4.930e-01              76.115           1.071e+00              76.760           1.000e+02     
   0.000         240.000            1.474e+00           3.526e-01             256.630           1.122e+00              76.981           1.000e+02     
   5.000         240.000            1.479e+00           3.526e-01             257.081           1.126e+00              77.374           1.000e+02     
  10.000         240.000            1.476e+00           3.467e-01             257.536           1.129e+00              77.765           1.000e+02     
  15.000         240.000            1.467e+00           3.352e-01             257.995           1.132e+00              78.151           1.000e+02     
  20.000         240.000            1.451e+00           3.185e-01             258.457           1.133e+00              78.528           1.000e+02     
  25.000         240.000            1.430e+00           2.971e-01             258.920           1.133e+00              78.895           1.000e+02     
  30.000         240.000            1.405e+00           2.718e-01             259.384           1.133e+00              79.247           1.000e+02     
  35.000         240.000            1.375e+00           2.435e-01             259.850           1.132e+00              79.581           1.000e+02     
  40.000         240.000            1.343e+00           2.132e-01             260.320           1.130e+00              79.896           1.000e+02     
  45.000         240.000            1.310e+00           1.819e-01             260.798           1.128e+00              80.188           1.000e+02     
  50.000         240.000            1.277e+00           1.506e-01             261.293           1.126e+00              80.455           1.000e+02     
  55.000         240.000            1.244e+00           1.203e-01             261.819           1.124e+00              80.694           1.000e+02     
  60.000         240.000            1.214e+00           9.186e-02             262.400           1.122e+00              80.904           1.000e+02     
  65.000         240.000            1.186e+00           6.617e-02             263.082           1.120e+00              81.083           1.000e+02     
  70.000         240.000            1.163e+00           4.396e-02             263.956           1.119e+00              81.230           1.000e+02     
  75.000         240.000            1.144e+00           2.582e-02             265.232           1.118e+00              81.342           9.924e+01     
  80.000         240.000            1.131e+00           1.227e-02             267.506           1.119e+00              81.420           9.103e+01     
  85.000         240.000            1.123e+00           3.662e-03             273.373           1.120e+00              81.462           8.498e+01     
  90.000         240.000            1.122e+00           2.339e-04             320.621           1.121e+00              81.469           8.066e+01     
  95.000         240.000            1.126e+00           2.091e-03              64.065           1.124e+00              81.440           7.777e+01     
 100.000         240.000            1.137e+00           9.207e-03              72.947           1.128e+00              81.375           7.611e+01     
 105.000         240.000            1.153e+00           2.142e-02              75.649           1.132e+00              81.275           7.554e+01     
 110.000         240.000            1.175e+00           3.844e-02              76.897           1.137e+00              81.141           7.596e+01     
 115.000         240.000            1.203e+00           5.984e-02              77.564           1.143e+00              80.974           7.730e+01     
 120.000         240.000            1.234e+00           8.506e-02              77.931           1.149e+00              80.775           7.954e+01     
 125.000         240.000            1.269e+00           1.134e-01              78.117           1.155e+00              80.547           8.266e+01     
 130.000         240.000            1.306e+00           1.441e-01              78.180           1.162e+00              80.290           8.667e+01     
 135.000         240.000            1.345e+00           1.763e-01              78.154           1.169e+00              80.007           9.161e+01     
 140.000         240.000            1.384e+00           2.090e-01              78.060           1.175e+00              79.701           9.753e+01     
 145.000         240.000            1.422e+00           2.411e-01              77.911           1.181e+00              79.373           1.000e+02     
 150.000         240.000            1.458e+00           2.716e-01              77.719           1.186e+00              79.027           1.000e+02     
 155.000         240.000            1.490e+00           2.995e-01              77.491           1.190e+00              78.665           1.000e+02     
 160.000         240.000            1.518e+00           3.239e-01              77.234           1.194e+00              78.290           1.000e+02     
 165.000         240.000            1.539e+00           3.438e-01              76.953           1.196e+00              77.905           1.000e+02     
 170.000         240.000            1.555e+00           3.587e-01              76.654           1.196e+00              77.514           1.000e+02     
 175.000         240.000            1.563e+00           3.679e-01              76.342           1.195e+00              77.119           1.000e+02     
 180.000         240.000            1.564e+00           3.712e-01              76.019           1.193e+00              76.724           1.000e+02     
   0.000         245.000            1.474e+00           2.492e-01             256.565           1.225e+00              76.965           1.000e+02     
   5.000         245.000            1.478e+00           2.492e-01             256.984           1.229e+00              77.310           1.000e+02     
  10.000         245.000            1.477e+00           2.452e-01             257.408           1.232e+00              77.653           1.000e+02     
  15.000         245.000            1.472e+00           2.372e-01             257.837           1.235e+00              77.991           1.000e+02     
  20.000         245.000            1.462e+00           2.256e-01             258.269           1.236e+00              78.322           1.000e+02     
  25.000         245.000            1.448e+00           2.107e-01             258.705           1.237e+00              78.643           1.000e+02     
  30.000         245.000            1.431e+00           1.931e-01             259.145           1.238e+00              78.950           1.000e+02     
  35.000         245.000            1.411e+00           1.734e-01             259.590           1.238e+00              79.243           1.000e+02     
  40.000         245.000            1.390e+00           1.521e-01             260.044           1.237e+00              79.518           1.000e+02     
  45.000         245.000            1.367e+00           1.301e-01             260.512           1.237e+00              79.772           1.000e+02     
  50.000         245.000            1.344e+00           1.080e-01             261.003           1.236e+00              80.005           1.000e+02     
  55.000         245.000            1.322e+00           8.652e-02             261.534           1.235e+00              80.213           1.000e+02     
  60.000         245.000            1.301e+00           6.631e-02             262.133           1.234e+00              80.396           1.000e+02     
  65.000         245.000            1.282e+00           4.798e-02             262.849           1.234e+00              80.551           1.000e+02     
  70.000         245.000            1.266e+00           3.205e-02             263.785           1.234e+00              80.677           1.000e+02     
  75.000         245.000            1.253e+00           1.899e-02             265.166           1.234e+00              80.774           1.000e+02     
  80.000         245.000            1.245e+00           9.166e-03             267.629           1.235e+00              80.841           9.894e+01     
  85.000         245.000            1.240e+00           2.852e-03             273.848           1.237e+00              80.876           9.297e+01     
  90.000         245.000            1.240e+00           2.321e-04             316.413           1.239e+00              80.880           8.863e+01     
  95.000         245.000            1.244e+00           1.388e-03              60.389           1.242e+00              80.852           8.564e+01     
 100.000         245.000            1.252e+00           6.304e-03              71.090           1.246e+00              80.793           8.382e+01     
 105.000         245.000            1.265e+00           1.486e-02              74.287           1.250e+00              80.704           8.302e+01     
 110.000         245.000            1.282e+00           2.684e-02              75.769           1.255e+00              80.585           8.317e+01     
 115.000         245.000            1.302e+00           4.194e-02              76.581           1.260e+00              80.437           8.420e+01     
 120.000         245.000            1.325e+00           5.974e-02              77.052           1.265e+00              80.261           8.608e+01     
 125.000         245.000            1.351e+00           7.975e-02              77.321           1.271e+00              80.059           8.880e+01     
 130.000         245.000            1.378e+00           1.014e-01              77.456           1.277e+00              79.832           9.239e+01     
 135.000         245.000            1.407e+00           1.241e-01              77.496           1.283e+00              79.582           9.685e+01     
 140.000         245.000            1.435e+00           1.470e-01              77.464           1.288e+00              79.312           1.000e+02     
 145.000         245.000            1.463e+00           1.696e-01              77.376           1.293e+00              79.023           1.000e+02     
 150.000         245.000            1.488e+00           1.911e-01              77.243           1.297e+00              78.718           1.000e+02     
 155.000         245.000            1.511e+00           2.107e-01              77.073           1.301e+00              78.399           1.000e+02     
 160.000         245.000            1.531e+00           2.279e-01              76.874           1.303e+00              78.069           1.000e+02     
 165.000         245.000            1.547e+00           2.420e-01              76.651           1.305e+00              77.730           1.000e+02     
 170.000         245.000            1.558e+00           2.526e-01              76.410           1.305e+00              77.386           1.000e+02     
 175.000         245.000            1.564e+00           2.593e-01              76.154           1.304e+00              77.039           1.000e+02     
 180.000         245.000            1.564e+00           2.619e-01              75.888           1.302e+00              76.691           1.000e+02     
   0.000         250.000            1.474e+00           1.607e-01             256.469           1.314e+00              76.950           1.000e+02     
   5.000         250.000            1.478e+00           1.608e-01             256.862           1.317e+00              77.245           1.000e+02     
  10.000         250.000            1.478e+00           1.583e-01             257.260           1.320e+00              77.538           1.000e+02     
  15.000         250.000            1.475e+00           1.533e-01             257.664           1.322e+00              77.826           1.000e+02     
  20.000         250.000            1.470e+00           1.459e-01             258.074           1.324e+00              78.108           1.000e+02     
  25.000         250.000            1.462e+00           1.365e-01             258.490           1.326e+00              78.382           1.000e+02     
  30.000         250.000            1.452e+00           1.253e-01             258.914           1.327e+00              78.644           1.000e+02     
  35.000         250.000            1.441e+00           1.128e-01             259.348           1.328e+00              78.892           1.000e+02     
  40.000         250.000            1.428e+00           9.921e-02             259.795           1.329e+00              79.126           1.000e+02     
  45.000         250.000            1.414e+00           8.509e-02             260.265           1.329e+00              79.342           1.000e+02     
  50.000         250.000            1.400e+00           7.088e-02             260.767           1.329e+00              79.539           1.000e+02     
  55.000         250.000            1.387e+00           5.700e-02             261.320           1.330e+00              79.715           1.000e+02     
  60.000         250.000            1.374e+00           4.390e-02             261.958           1.331e+00              79.869           1.000e+02     
  65.000         250.000            1.363e+00           3.195e-02             262.737           1.331e+00              80.000           1.000e+02     
  70.000         250.000            1.354e+00           2.152e-02             263.770           1.332e+00              80.106           1.000e+02     
  75.000         250.000            1.347e+00           1.291e-02             265.308           1.334e+00              80.186           1.000e+02     
  80.000         250.000            1.342e+00           6.381e-03             268.037           1.336e+00              80.241           1.000e+02     
  85.000         250.000            1.340e+00           2.112e-03             274.682           1.338e+00              80.269           1.000e+02     
  90.000         250.000            1.341e+00           2.335e-04             311.706           1.341e+00              80.270           9.691e+01     
  95.000         250.000            1.345e+00           8.062e-04              54.438           1.344e+00              80.244           9.383e+01     
 100.000         250.000            1.351e+00           3.822e-03              68.365           1.347e+00              80.192           9.185e+01     
 105.000         250.000            1.361e+00           9.207e-03              72.399           1.351e+00              80.113           9.085e+01     
 110.000         250.000            1.372e+00           1.682e-02              74.262           1.356e+00              80.009           9.075e+01     
 115.000         250.000            1.387e+00           2.645e-02              75.298           1.360e+00              79.881           9.149e+01     
 120.000         250.000            1.403e+00           3.784e-02              75.924           1.365e+00              79.728           9.303e+01     
 125.000         250.000            1.421e+00           5.065e-02              76.313           1.370e+00              79.554           9.538e+01     
 130.000         250.000            1.440e+00           6.453e-02              76.547           1.375e+00              79.358           9.854e+01     
 135.000         250.000            1.459e+00           7.905e-02              76.674           1.380e+00              79.143           1.000e+02     
 140.000         250.000            1.478e+00           9.378e-02              76.722           1.384e+00              78.910           1.000e+02     
 145.000         250.000            1.497e+00           1.083e-01              76.709           1.388e+00              78.662           1.000e+02     
 150.000         250.000            1.514e+00           1.220e-01              76.647           1.392e+00              78.399           1.000e+02     
 155.000         250.000            1.529e+00           1.347e-01              76.547           1.395e+00              78.125           1.000e+02     
 160.000         250.000            1.543e+00           1.458e-01              76.416           1.397e+00              77.842           1.000e+02     
 165.000         250.000            1.553e+00           1.550e-01              76.261           1.398e+00              77.552           1.000e+02     
 170.000         250.000            1.560e+00           1.619e-01              76.085           1.398e+00              77.256           1.000e+02     
 175.000         250.000            1.564e+00           1.665e-01              75.895           1.398e+00              76.959           1.000e+02     
 180.000         250.000            1.564e+00           1.684e-01              75.694           1.396e+00              76.661           1.000e+02     
   0.000         255.000            1.474e+00           8.965e-02             256.309           1.385e+00              76.935           1.000e+02     
   5.000         255.000            1.477e+00           8.979e-02             256.690           1.387e+00              77.178           1.000e+02     
  10.000         255.000            1.478e+00           8.851e-02             257.078           1.389e+00              77.420           1.000e+02     
  15.000         255.000            1.477e+00           8.586e-02             257.473           1.392e+00              77.657           1.000e+02     
  20.000         255.000            1.475e+00           8.191e-02             257.877           1.394e+00              77.889           1.000e+02     
  25.000         255.000            1.472e+00           7.680e-02             258.291           1.395e+00              78.113           1.000e+02     
  30.000         255.000            1.468e+00           7.070e-02             258.716           1.397e+00              78.328           1.000e+02     
  35.000         255.000            1.462e+00           6.380e-02             259.159           1.398e+00              78.532           1.000e+02     
  40.000         255.000            1.456e+00           5.632e-02             259.623           1.400e+00              78.723           1.000e+02     
  45.000         255.000            1.450e+00           4.850e-02             260.119           1.401e+00              78.899           1.000e+02     
  50.000         255.000            1.443e+00           4.060e-02             260.660           1.403e+00              79.060           1.000e+02     
  55.000         255.000            1.437e+00           3.284e-02             261.271           1.404e+00              79.203           1.000e+02     
  60.000         255.000            1.431e+00           2.547e-02             261.989           1.406e+00              79.328           1.000e+02     
  65.000         255.000            1.426e+00           1.871e-02             262.883           1.408e+00              79.433           1.000e+02     
  70.000         255.000            1.422e+00           1.278e-02             264.082           1.410e+00              79.518           1.000e+02     
  75.000         255.000            1.420e+00           7.828e-03             265.868           1.412e+00              79.582           1.000e+02     
  80.000         255.000            1.419e+00           4.020e-03             268.980           1.414e+00              79.625           1.000e+02     
  85.000         255.000            1.419e+00           1.465e-03             276.105           1.417e+00              79.645           1.000e+02     
  90.000         255.000            1.421e+00           2.391e-04             306.580           1.420e+00              79.644           1.000e+02     
  95.000         255.000            1.424e+00           3.822e-04              43.000           1.424e+00              79.620           1.000e+02     
 100.000         255.000            1.429e+00           1.895e-03              63.659           1.427e+00              79.574           1.000e+02     
 105.000         255.000            1.436e+00           4.738e-03              69.366           1.431e+00              79.507           9.904e+01     
 110.000         255.000            1.444e+00           8.835e-03              71.954           1.435e+00              79.418           9.871e+01     
 115.000         255.000            1.454e+00           1.407e-02              73.399           1.440e+00              79.309           9.918e+01     
 120.000         255.000            1.464e+00           2.030e-02              74.296           1.444e+00              79.181           1.000e+02     
 125.000         255.000            1.476e+00           2.734e-02              74.882           1.448e+00              79.035           1.000e+02     
 130.000         255.000            1.487e+00           3.499e-02              75.273           1.452e+00              78.871           1.000e+02     
 135.000         255.000            1.500e+00           4.302e-02              75.532           1.456e+00              78.691           1.000e+02     
 140.000         255.000            1.511e+00           5.118e-02              75.694           1.460e+00              78.497           1.000e+02     
 145.000         255.000            1.523e+00           5.923e-02              75.785           1.464e+00              78.290           1.000e+02     
 150.000         255.000            1.533e+00           6.692e-02              75.820           1.467e+00              78.072           1.000e+02     
 155.000         255.000            1.543e+00           7.401e-02              75.811           1.469e+00              77.845           1.000e+02     
 160.000         255.000            1.551e+00           8.027e-02              75.767           1.471e+00              77.610           1.000e+02     
 165.000         255.000            1.557e+00           8.550e-02              75.695           1.472e+00              77.369           1.000e+02     
 170.000         255.000            1.562e+00           8.954e-02              75.602           1.472e+00              77.124           1.000e+02     
 175.000         255.000            1.564e+00           9.225e-02              75.491           1.472e+00              76.878           1.000e+02     
 180.000         255.000            1.564e+00           9.355e-02              75.368           1.471e+00              76.632           1.000e+02     
   0.000         260.000            1.474e+00           3.831e-02             255.981           1.436e+00              76.922           1.000e+02     
   5.000         260.000            1.476e+00           3.848e-02             256.393           1.438e+00              77.112           1.000e+02     
  10.000         260.000            1.477e+00           3.806e-02             256.813           1.439e+00              77.300           1.000e+02     
  15.000         260.000            1.478e+00           3.704e-02             257.243           1.440e+00              77.485           1.000e+02     
  20.000         260.000            1.478e+00           3.548e-02             257.686           1.442e+00              77.665           1.000e+02     
  25.000         260.000            1.477e+00           3.341e-02             258.144           1.444e+00              77.839           1.000e+02     
  30.000         260.000            1.476e+00           3.090e-02             258.622           1.445e+00              78.005           1.000e+02     
  35.000         260.000            1.475e+00           2.804e-02             259.127           1.447e+00              78.163           1.000e+02     
  40.000         260.000            1.474e+00           2.491e-02             259.665           1.449e+00              78.311           1.000e+02     
  45.000         260.000            1.472e+00           2.162e-02             260.252           1.451e+00              78.447           1.000e+02     
  50.000         260.000            1.471e+00           1.825e-02             260.906           1.453e+00              78.570           1.000e+02     
  55.000         260.000            1.470e+00           1.493e-02             261.657           1.455e+00              78.680           1.000e+02     
  60.000         260.000            1.469e+00           1.174e-02             262.554           1.457e+00              78.775           1.000e+02     
  65.000         260.000            1.468e+00           8.787e-03             263.680           1.460e+00              78.855           1.000e+02     
  70.000         260.000            1.469e+00           6.157e-03             265.189           1.462e+00              78.919           1.000e+02     
  75.000         260.000            1.469e+00           3.929e-03             267.396           1.465e+00              78.966           1.000e+02     
  80.000         260.000            1.470e+00           2.170e-03             271.065           1.468e+00              78.996           1.000e+02     
  85.000         260.000            1.472e+00           9.308e-04             278.572           1.472e+00              79.009           1.000e+02     
  90.000         260.000            1.475e+00           2.501e-04             301.167           1.475e+00              79.005           1.000e+02     
  95.000         260.000            1.479e+00           1.488e-04              15.286           1.479e+00              78.983           1.000e+02     
 100.000         260.000            1.483e+00           6.316e-04              52.539           1.482e+00              78.944           1.000e+02     
 105.000         260.000            1.488e+00           1.686e-03              62.859           1.486e+00              78.887           1.000e+02     
 110.000         260.000            1.494e+00           3.284e-03              67.317           1.490e+00              78.815           1.000e+02     
 115.000         260.000            1.500e+00           5.380e-03              69.760           1.494e+00              78.726           1.000e+02     
 120.000         260.000            1.506e+00           7.914e-03              71.281           1.498e+00              78.623           1.000e+02     
 125.000         260.000            1.513e+00           1.081e-02              72.302           1.502e+00              78.505           1.000e+02     
 130.000         260.000            1.520e+00           1.399e-02              73.019           1.506e+00              78.373           1.000e+02     
 135.000         260.000            1.527e+00           1.736e-02              73.536           1.510e+00              78.230           1.000e+02     
 140.000         260.000            1.534e+00           2.081e-02              73.914           1.513e+00              78.075           1.000e+02     
 145.000         260.000            1.540e+00           2.424e-02              74.189           1.516e+00              77.911           1.000e+02     
 150.000         260.000            1.546e+00           2.754e-02              74.387           1.519e+00              77.738           1.000e+02     
 155.000         260.000            1.552e+00           3.062e-02              74.526           1.521e+00              77.558           1.000e+02     
 160.000         260.000            1.556e+00           3.337e-02              74.618           1.523e+00              77.373           1.000e+02     
 165.000         260.000            1.560e+00           3.571e-02              74.674           1.524e+00              77.183           1.000e+02     
 170.000         260.000            1.563e+00           3.757e-02              74.702           1.525e+00              76.991           1.000e+02     
 175.000         260.000            1.564e+00           3.889e-02              74.708           1.525e+00              76.798           1.000e+02     
 180.000         260.000            1.564e+00           3.962e-02              74.697           1.525e+00              76.605           1.000e+02     
   0.000         265.000            1.474e+00           8.204e-03             254.896           1.466e+00              76.908           1.000e+02     
   5.000         265.000            1.475e+00           8.335e-03             255.542           1.466e+00              77.044           1.000e+02     
  10.000         265.000            1.475e+00           8.340e-03             256.195           1.467e+00              77.178           1.000e+02     
  15.000         265.000            1.476e+00           8.219e-03             256.861           1.468e+00              77.309           1.000e+02     
  20.000         265.000            1.476e+00           7.974e-03             257.545           1.468e+00              77.437           1.000e+02     
  25.000         265.000            1.477e+00           7.616e-03             258.255           1.469e+00              77.560           1.000e+02     
  30.000         265.000            1.478e+00           7.155e-03             258.998           1.471e+00              77.678           1.000e+02     
  35.000         265.000            1.479e+00           6.606e-03             259.786           1.472e+00              77.789           1.000e+02     
  40.000         265.000            1.480e+00           5.985e-03             260.633           1.474e+00              77.893           1.000e+02     
  45.000         265.000            1.481e+00           5.313e-03             261.559           1.475e+00              77.988           1.000e+02     
  50.000         265.000            1.482e+00           4.609e-03             262.592           1.477e+00              78.074           1.000e+02     
  55.000         265.000            1.484e+00           3.895e-03             263.773           1.480e+00              78.150           1.000e+02     
  60.000         265.000            1.485e+00           3.191e-03             265.164           1.482e+00              78.215           1.000e+02     
  65.000         265.000            1.487e+00           2.520e-03             266.863           1.485e+00              78.270           1.000e+02     
  70.000         265.000            1.490e+00           1.900e-03             269.034           1.488e+00              78.312           1.000e+02     
  75.000         265.000            1.492e+00           1.351e-03             271.968           1.491e+00              78.342           1.000e+02     
  80.000         265.000            1.495e+00           8.866e-04             276.237           1.494e+00              78.360           1.000e+02     
  85.000         265.000            1.498e+00           5.220e-04             283.092           1.498e+00              78.365           1.000e+02     
  90.000         265.000            1.502e+00           2.674e-04             295.637           1.502e+00              78.358           1.000e+02     
  95.000         265.000            1.506e+00           1.305e-04             321.411           1.505e+00              78.337           1.000e+02     
 100.000         265.000            1.510e+00           1.155e-04               2.900           1.509e+00              78.305           1.000e+02     
 105.000         265.000            1.514e+00           2.231e-04              33.341           1.513e+00              78.260           1.000e+02     
 110.000         265.000            1.518e+00           4.505e-04              48.156           1.518e+00              78.203           1.000e+02     
 115.000         265.000            1.523e+00           7.916e-04              55.899           1.522e+00              78.135           1.000e+02     
 120.000         265.000            1.527e+00           1.237e-03              60.503           1.526e+00              78.056           1.000e+02     
 125.000         265.000            1.532e+00           1.773e-03              63.516           1.530e+00              77.967           1.000e+02     
 130.000         265.000            1.536e+00           2.385e-03              65.626           1.534e+00              77.869           1.000e+02     
 135.000         265.000            1.541e+00           3.055e-03              67.176           1.537e+00              77.762           1.000e+02     
 140.000         265.000            1.545e+00           3.763e-03              68.355           1.541e+00              77.647           1.000e+02     
 145.000         265.000            1.549e+00           4.487e-03              69.277           1.544e+00              77.526           1.000e+02     
 150.000         265.000            1.552e+00           5.205e-03              70.012           1.547e+00              77.399           1.000e+02     
 155.000         265.000            1.556e+00           5.896e-03              70.609           1.550e+00              77.267           1.000e+02     
 160.000         265.000            1.558e+00           6.538e-03              71.102           1.552e+00              77.132           1.000e+02     
 165.000         265.000            1.561e+00           7.110e-03              71.514           1.554e+00              76.995           1.000e+02     
 170.000         265.000            1.562e+00           7.596e-03              71.864           1.555e+00              76.856           1.000e+02     
 175.000         265.000            1.564e+00           7.978e-03              72.168           1.556e+00              76.717           1.000e+02     
 180.000         265.000            1.564e+00           8.246e-03              72.437           1.556e+00              76.578           1.000e+02     
   0.000         270.000            1.474e+00           2.460e-04              88.562           1.474e+00              76.895           1.000e+02     
   5.000         270.000            1.473e+00           2.079e-04              86.362           1.473e+00              76.976           1.000e+02     
  10.000         270.000            1.473e+00           1.705e-04              83.665           1.472e+00              77.055           1.000e+02     
  15.000         270.000            1.472e+00           1.350e-04              80.272           1.472e+00              77.132           1.000e+02     
  20.000         270.000            1.472e+00           1.027e-04              75.859           1.471e+00              77.207           1.000e+02     
  25.000         270.000            1.472e+00           7.466e-05              69.885           1.471e+00              77.279           1.000e+02     
  30.000         270.000            1.472e+00           5.185e-05              61.428           1.472e+00              77.348           1.000e+02     
  35.000         270.000            1.472e+00           3.509e-05              48.995           1.472e+00              77.412           1.000e+02     
  40.000         270.000            1.473e+00           2.503e-05              30.868           1.473e+00              77.472           1.000e+02     
  45.000         270.000            1.474e+00           2.214e-05               7.669           1.474e+00              77.526           1.000e+02     
  50.000         270.000            1.476e+00           2.667e-05             345.046           1.476e+00              77.574           1.000e+02     
  55.000         270.000            1.478e+00           3.866e-05             327.942           1.478e+00              77.616           1.000e+02     
  60.000         270.000            1.480e+00           5.793e-05             316.286           1.480e+00              77.652           1.000e+02     
  65.000         270.000            1.482e+00           8.412e-05             308.304           1.482e+00              77.680           1.000e+02     
  70.000         270.000            1.485e+00           1.166e-04             302.605           1.485e+00              77.701           1.000e+02     
  75.000         270.000            1.488e+00           1.547e-04             298.347           1.488e+00              77.714           1.000e+02     
  80.000         270.000            1.492e+00           1.974e-04             295.035           1.491e+00              77.719           1.000e+02     
  85.000         270.000            1.495e+00           2.437e-04             292.372           1.495e+00              77.717           1.000e+02     
  90.000         270.000            1.499e+00           2.923e-04             290.174           1.499e+00              77.706           1.000e+02     
  95.000         270.000            1.503e+00           3.419e-04             288.320           1.503e+00              77.688           1.000e+02     
 100.000         270.000            1.508e+00           3.912e-04             286.731           1.507e+00              77.662           1.000e+02     
 105.000         270.000            1.512e+00           4.388e-04             285.351           1.512e+00              77.628           1.000e+02     
 110.000         270.000            1.517e+00           4.834e-04             284.141           1.516e+00              77.587           1.000e+02     
 115.000         270.000            1.521e+00           5.237e-04             283.071           1.521e+00              77.539           1.000e+02     
 120.000         270.000            1.526e+00           5.585e-04             282.122           1.525e+00              77.485           1.000e+02     
 125.000         270.000            1.530e+00           5.868e-04             281.274           1.530e+00              77.425           1.000e+02     
 130.000         270.000            1.535e+00           6.077e-04             280.517           1.534e+00              77.360           1.000e+02     
 135.000         270.000            1.539e+00           6.206e-04             279.838           1.538e+00              77.290           1.000e+02     
 140.000         270.000            1.543e+00           6.250e-04             279.230           1.543e+00              77.215           1.000e+02     
 145.000         270.000            1.547e+00           6.207e-04             278.684           1.546e+00              77.137           1.000e+02     
 150.000         270.000            1.551e+00           6.078e-04             278.194           1.550e+00              77.057           1.000e+02     
 155.000         270.000            1.554e+00           5.867e-04             277.753           1.553e+00              76.974           1.000e+02     
 160.000         270.000            1.557e+00           5.579e-04             277.354           1.556e+00              76.890           1.000e+02     
 165.000         270.000            1.559e+00           5.222e-04             276.990           1.559e+00              76.805           1.000e+02     
 170.000         270.000            1.561e+00           4.806e-04             276.655           1.561e+00              76.720           1.000e+02     
 175.000         270.000            1.563e+00           4.343e-04             276.341           1.563e+00              76.635           1.000e+02     
 180.000         270.000            1.564e+00           3.846e-04             276.037           1.564e+00              76.552           1.000e+02     
   0.000         275.000            1.474e+00           1.468e-02              78.390           1.460e+00              76.882           1.000e+02     
   5.000         275.000            1.472e+00           1.429e-02              78.026           1.457e+00              76.907           1.000e+02     
  10.000         275.000            1.469e+00           1.368e-02              77.648           1.455e+00              76.931           1.000e+02     
  15.000         275.000            1.466e+00           1.288e-02              77.251           1.453e+00              76.955           1.000e+02     
  20.000         275.000            1.464e+00           1.190e-02              76.828           1.452e+00              76.977           1.000e+02     
  25.000         275.000            1.461e+00           1.079e-02              76.368           1.450e+00              76.998           1.000e+02     
  30.000         275.000            1.459e+00           9.576e-03              75.860           1.449e+00              77.017           1.000e+02     
  35.000         275.000            1.456e+00           8.294e-03              75.285           1.448e+00              77.035           1.000e+02     
  40.000         275.000            1.455e+00           6.986e-03              74.618           1.448e+00              77.050           1.000e+02     
  45.000         275.000            1.453e+00           5.694e-03              73.819           1.448e+00              77.064           1.000e+02     
  50.000         275.000            1.452e+00           4.458e-03              72.826           1.448e+00              77.075           1.000e+02     
  55.000         275.000            1.452e+00           3.315e-03              71.531           1.449e+00              77.083           1.000e+02     
  60.000         275.000            1.452e+00           2.301e-03              69.734           1.450e+00              77.088           1.000e+02     
  65.000         275.000            1.453e+00           1.449e-03              67.019           1.452e+00              77.091           1.000e+02     
  70.000         275.000            1.455e+00           7.839e-04              62.363           1.454e+00              77.090           1.000e+02     
  75.000         275.000            1.457e+00           3.275e-04              52.518           1.457e+00              77.087           1.000e+02     
  80.000         275.000            1.460e+00           9.449e-05              22.941           1.460e+00              77.079           1.000e+02     
  85.000         275.000            1.463e+00           9.327e-05             314.968           1.463e+00              77.069           1.000e+02     
  90.000         275.000            1.467e+00           3.254e-04             284.940           1.467e+00              77.055           1.000e+02     
  95.000         275.000            1.472e+00           7.856e-04             275.007           1.471e+00              77.039           1.000e+02     
 100.000         275.000            1.477e+00           1.462e-03             270.346           1.476e+00              77.019           1.000e+02     
 105.000         275.000            1.483e+00           2.336e-03             267.657           1.481e+00              76.996           1.000e+02     
 110.000         275.000            1.489e+00           3.384e-03             265.903           1.486e+00              76.971           1.000e+02     
 115.000         275.000            1.496e+00           4.576e-03             264.663           1.491e+00              76.944           1.000e+02     
 120.000         275.000            1.502e+00           5.878e-03             263.736           1.497e+00              76.914           1.000e+02     
 125.000         275.000            1.509e+00           7.252e-03             263.014           1.502e+00              76.883           1.000e+02     
 130.000         275.000            1.516e+00           8.659e-03             262.433           1.508e+00              76.850           1.000e+02     
 135.000         275.000            1.523e+00           1.006e-02             261.952           1.513e+00              76.816           1.000e+02     
 140.000         275.000            1.530e+00           1.140e-02             261.545           1.518e+00              76.782           1.000e+02     
 145.000         275.000            1.536e+00           1.266e-02             261.195           1.523e+00              76.748           1.000e+02     
 150.000         275.000            1.542e+00           1.378e-02             260.886           1.528e+00              76.713           1.000e+02     
 155.000         275.000            1.547e+00           1.475e-02             260.610           1.532e+00              76.679           1.000e+02     
 160.000         275.000            1.552e+00           1.551e-02             260.359           1.536e+00              76.646           1.000e+02     
 165.000         275.000            1.556e+00           1.607e-02             260.125           1.540e+00              76.614           1.000e+02     
 170.000         275.000            1.560e+00           1.638e-02             259.904           1.543e+00              76.583           1.000e+02     
 175.000         275.000            1.562e+00           1.645e-02             259.691           1.546e+00              76.554           1.000e+02     
 180.000         275.000            1.564e+00           1.627e-02             259.480           1.548e+00              76.526           1.000e+02     
   0.000         280.000            1.474e+00           5.107e-02              77.687           1.423e+00              76.869           1.000e+02     
   5.000         280.000            1.470e+00           5.008e-02              77.438           1.420e+00              76.839           1.000e+02     
  10.000         280.000            1.465e+00           4.833e-02              77.185           1.416e+00              76.808           1.000e+02     
  15.000         280.000            1.459e+00           4.586e-02              76.928           1.413e+00              76.777           1.000e+02     
  20.000         280.000            1.452e+00           4.277e-02              76.662           1.409e+00              76.747           1.000e+02     
  25.000         280.000            1.445e+00           3.914e-02              76.384           1.406e+00              76.717           1.000e+02     
  30.000         280.000            1.438e+00           3.510e-02              76.090           1.403e+00              76.688           1.000e+02     
  35.000         280.000            1.432e+00           3.077e-02              75.770           1.401e+00              76.659           1.000e+02     
  40.000         280.000            1.425e+00           2.630e-02              75.416           1.399e+00              76.631           1.000e+02     
  45.000         280.000            1.419e+00           2.181e-02              75.012           1.397e+00              76.604           1.000e+02     
  50.000         280.000            1.413e+00           1.745e-02              74.532           1.396e+00              76.578           1.000e+02     
  55.000         280.000            1.408e+00           1.334e-02              73.939           1.395e+00              76.553           1.000e+02     
  60.000         280.000            1.404e+00           9.619e-03              73.158           1.395e+00              76.529           1.000e+02     
  65.000         280.000            1.402e+00           6.390e-03              72.052           1.395e+00              76.506           1.000e+02     
  70.000         280.000            1.400e+00           3.751e-03              70.301           1.396e+00              76.484           1.000e+02     
  75.000         280.000            1.400e+00           1.781e-03              67.003           1.398e+00              76.463           1.000e+02     
  80.000         280.000            1.401e+00           5.378e-04              58.283           1.401e+00              76.444           1.000e+02     
  85.000         280.000            1.404e+00           6.104e-05               3.254           1.404e+00              76.426           1.000e+02     
  90.000         280.000            1.408e+00           3.674e-04             280.063           1.408e+00              76.409           1.000e+02     
  95.000         280.000            1.414e+00           1.452e-03             268.311           1.412e+00              76.394           1.000e+02     
 100.000         280.000            1.420e+00           3.288e-03             264.418           1.417e+00              76.380           1.000e+02     
 105.000         280.000            1.429e+00           5.828e-03             262.490           1.423e+00              76.368           1.000e+02     
 110.000         280.000            1.438e+00           9.004e-03             261.341           1.429e+00              76.359           1.000e+02     
 115.000         280.000            1.448e+00           1.273e-02             260.580           1.435e+00              76.351           1.000e+02     
 120.000         280.000            1.458e+00           1.690e-02             260.041           1.441e+00              76.346           1.000e+02     
 125.000         280.000            1.470e+00           2.140e-02             259.641           1.448e+00              76.343           1.000e+02     
 130.000         280.000            1.481e+00           2.610e-02             259.335           1.455e+00              76.343           1.000e+02     
 135.000         280.000            1.493e+00           3.086e-02             259.095           1.462e+00              76.345           1.000e+02     
 140.000         280.000            1.504e+00           3.554e-02             258.903           1.469e+00              76.351           1.000e+02     
 145.000         280.000            1.515e+00           4.001e-02             258.746           1.475e+00              76.359           1.000e+02     
 150.000         280.000            1.526e+00           4.412e-02             258.617           1.482e+00              76.371           1.000e+02     
 155.000         280.000            1.535e+00           4.776e-02             258.509           1.487e+00              76.385           1.000e+02     
 160.000         280.000            1.544e+00           5.080e-02             258.416           1.493e+00              76.402           1.000e+02     
 165.000         280.000            1.551e+00           5.315e-02             258.334           1.498e+00              76.423           1.000e+02     
 170.000         280.000            1.557e+00           5.474e-02             258.259           1.502e+00              76.446           1.000e+02     
 175.000         280.000            1.561e+00           5.551e-02             258.189           1.506e+00              76.471           1.000e+02     
 180.000         280.000            1.564e+00           5.543e-02             258.120           1.509e+00              76.499           1.000e+02     
   0.000         285.000            1.474e+00           1.083e-01              77.429           1.366e+00              76.855           1.000e+02     
   5.000         285.000            1.468e+00           1.064e-01              77.187           1.361e+00              76.770           1.000e+02     
  10.000         285.000            1.459e+00           1.029e-01              76.945           1.356e+00              76.686           1.000e+02     
  15.000         285.000            1.449e+00           9.787e-02              76.704           1.351e+00              76.602           1.000e+02     
  20.000         285.000            1.438e+00           9.145e-02              76.461           1.346e+00              76.519           1.000e+02     
  25.000         285.000            1.425e+00           8.389e-02              76.215           1.341e+00              76.439           1.000e+02     
  30.000         285.000            1.412e+00           7.543e-02              75.962           1.337e+00              76.362           1.000e+02     
  35.000         285.000            1.398e+00           6.634e-02              75.700           1.332e+00              76.288           1.000e+02     
  40.000         285.000            1.385e+00           5.690e-02              75.421           1.328e+00              76.217           1.000e+02     
  45.000         285.000            1.371e+00           4.742e-02              75.118           1.324e+00              76.150           1.000e+02     
  50.000         285.000            1.359e+00           3.817e-02              74.777           1.321e+00              76.088           1.000e+02     
  55.000         285.000            1.348e+00           2.943e-02              74.375           1.318e+00              76.030           1.000e+02     
  60.000         285.000            1.338e+00           2.147e-02              73.873           1.317e+00              75.977           1.000e+02     
  65.000         285.000            1.330e+00           1.451e-02              73.193           1.316e+00              75.929           1.000e+02     
  70.000         285.000            1.324e+00           8.754e-03              72.167           1.316e+00              75.886           1.000e+02     
  75.000         285.000            1.321e+00           4.362e-03              70.338           1.316e+00              75.849           1.000e+02     
  80.000         285.000            1.320e+00           1.460e-03              65.907           1.318e+00              75.817           1.000e+02     
  85.000         285.000            1.321e+00           1.313e-04              39.552           1.321e+00              75.792           1.000e+02     
  90.000         285.000            1.325e+00           4.187e-04             275.616           1.324e+00              75.772           1.000e+02     
  95.000         285.000            1.331e+00           2.320e-03             264.229           1.329e+00              75.758           1.000e+02     
 100.000         285.000            1.340e+00           5.792e-03             261.201           1.334e+00              75.750           1.000e+02     
 105.000         285.000            1.351e+00           1.075e-02             259.815           1.340e+00              75.749           1.000e+02     
 110.000         285.000            1.364e+00           1.706e-02             259.030           1.347e+00              75.754           1.000e+02     
 115.000         285.000            1.379e+00           2.457e-02             258.534           1.355e+00              75.766           1.000e+02     
 120.000         285.000            1.396e+00           3.306e-02             258.201           1.363e+00              75.784           1.000e+02     
 125.000         285.000            1.413e+00           4.232e-02             257.971           1.371e+00              75.809           1.000e+02     
 130.000         285.000            1.431e+00           5.207e-02             257.810           1.379e+00              75.840           1.000e+02     
 135.000         285.000            1.450e+00           6.205e-02             257.698           1.388e+00              75.879           1.000e+02     
 140.000         285.000            1.468e+00           7.196e-02             257.623           1.396e+00              75.923           1.000e+02     
 145.000         285.000            1.486e+00           8.151e-02             257.575           1.405e+00              75.974           1.000e+02     
 150.000         285.000            1.503e+00           9.040e-02             257.549           1.413e+00              76.031           1.000e+02     
 155.000         285.000            1.518e+00           9.836e-02             257.539           1.420e+00              76.093           1.000e+02     
 160.000         285.000            1.532e+00           1.051e-01             257.542           1.427e+00              76.160           1.000e+02     
 165.000         285.000            1.544e+00           1.105e-01             257.553           1.433e+00              76.232           1.000e+02     
 170.000         285.000            1.553e+00           1.143e-01             257.571           1.439e+00              76.309           1.000e+02     
 175.000         285.000            1.560e+00           1.164e-01             257.591           1.444e+00              76.389           1.000e+02     
 180.000         285.000            1.564e+00           1.167e-01             257.612           1.447e+00              76.472           1.000e+02     
   0.000         290.000            1.474e+00           1.846e-01              77.293           1.290e+00              76.841           1.000e+02     
   5.000         290.000            1.466e+00           1.816e-01              77.029           1.284e+00              76.702           1.000e+02     
  10.000         290.000            1.454e+00           1.757e-01              76.768           1.278e+00              76.564           1.000e+02     
  15.000         290.000            1.438e+00           1.671e-01              76.510           1.271e+00              76.428           1.000e+02     
  20.000         290.000            1.421e+00           1.562e-01              76.254           1.265e+00              76.295           1.000e+02     
  25.000         290.000            1.401e+00           1.433e-01              75.999           1.258e+00              76.166           1.000e+02     
  30.000         290.000            1.380e+00           1.289e-01              75.745           1.251e+00              76.042           1.000e+02     
  35.000         290.000            1.358e+00           1.134e-01              75.489           1.244e+00              75.923           1.000e+02     
  40.000         290.000            1.335e+00           9.733e-02              75.228           1.238e+00              75.811           1.000e+02     
  45.000         290.000            1.313e+00           8.121e-02              74.956           1.232e+00              75.705           1.000e+02     
  50.000         290.000            1.292e+00           6.549e-02              74.665           1.227e+00              75.608           1.000e+02     
  55.000         290.000            1.273e+00           5.066e-02              74.339           1.223e+00              75.518           1.000e+02     
  60.000         290.000            1.256e+00           3.713e-02              73.953           1.219e+00              75.436           1.000e+02     
  65.000         290.000            1.242e+00           2.528e-02              73.458           1.216e+00              75.364           1.000e+02     
  70.000         290.000            1.230e+00           1.544e-02              72.746           1.215e+00              75.301           1.000e+02     
  75.000         290.000            1.223e+00           7.868e-03              71.532           1.215e+00              75.247           1.000e+02     
  80.000         290.000            1.218e+00           2.771e-03              68.742           1.216e+00              75.204           1.000e+02     
  85.000         290.000            1.218e+00           2.843e-04              54.049           1.218e+00              75.170           1.000e+02     
  90.000         290.000            1.222e+00           4.789e-04             271.630           1.221e+00              75.147           1.000e+02     
  95.000         290.000            1.229e+00           3.359e-03             261.409           1.226e+00              75.134           1.000e+02     
 100.000         290.000            1.240e+00           8.862e-03             259.064           1.231e+00              75.132           1.000e+02     
 105.000         290.000            1.255e+00           1.686e-02             258.045           1.238e+00              75.141           1.000e+02     
 110.000         290.000            1.273e+00           2.716e-02             257.493           1.246e+00              75.161           1.000e+02     
 115.000         290.000            1.294e+00           3.950e-02             257.164           1.254e+00              75.191           1.000e+02     
 120.000         290.000            1.317e+00           5.358e-02             256.962           1.263e+00              75.232           1.000e+02     
 125.000         290.000            1.342e+00           6.902e-02             256.840           1.273e+00              75.284           1.000e+02     
 130.000         290.000            1.369e+00           8.540e-02             256.775           1.283e+00              75.347           1.000e+02     
 135.000         290.000            1.396e+00           1.023e-01             256.750           1.293e+00              75.420           1.000e+02     
 140.000         290.000            1.423e+00           1.191e-01             256.757           1.304e+00              75.502           1.000e+02     
 145.000         290.000            1.449e+00           1.355e-01             256.787           1.314e+00              75.594           1.000e+02     
 150.000         290.000            1.475e+00           1.508e-01             256.838           1.324e+00              75.695           1.000e+02     
 155.000         290.000            1.498e+00           1.647e-01             256.903           1.333e+00              75.804           1.000e+02     
 160.000         290.000            1.518e+00           1.766e-01             256.979           1.341e+00              75.921           1.000e+02     
 165.000         290.000            1.535e+00           1.862e-01             257.065           1.349e+00              76.044           1.000e+02     
 170.000         290.000            1.549e+00           1.931e-01             257.156           1.356e+00              76.172           1.000e+02     
 175.000         290.000            1.559e+00           1.972e-01             257.250           1.361e+00              76.306           1.000e+02     
 180.000         290.000            1.564e+00           1.981e-01             257.343           1.366e+00              76.442           1.000e+02     
   0.000         295.000            1.474e+00           2.778e-01              77.208           1.197e+00              76.825           1.000e+02     
   5.000         295.000            1.463e+00           2.732e-01              76.911           1.190e+00              76.635           1.000e+02     
  10.000         295.000            1.447e+00           2.642e-01              76.618           1.183e+00              76.445           1.000e+02     
  15.000         295.000            1.426e+00           2.512e-01              76.330           1.175e+00              76.259           1.000e+02     
  20.000         295.000            1.402e+00           2.346e-01              76.047           1.167e+00              76.076           1.000e+02     
  25.000         295.000            1.374e+00           2.151e-01              75.770           1.158e+00              75.900           1.000e+02     
  30.000         295.000            1.343e+00           1.933e-01              75.497           1.150e+00              75.730           1.000e+02     
  35.000         295.000            1.311e+00           1.700e-01              75.229           1.141e+00              75.568           1.000e+02     
  40.000         295.000            1.279e+00           1.458e-01              74.962           1.133e+00              75.415           1.000e+02     
  45.000         295.000            1.247e+00           1.216e-01              74.694           1.125e+00              75.272           1.000e+02     
  50.000         295.000            1.216e+00           9.808e-02              74.418           1.118e+00              75.140           1.000e+02     
  55.000         295.000            1.188e+00           7.592e-02              74.125           1.112e+00              75.019           1.000e+02     
  60.000         295.000            1.162e+00           5.573e-02              73.796           1.106e+00              74.911           1.000e+02     
  65.000         295.000            1.140e+00           3.807e-02              73.398           1.102e+00              74.815           1.000e+02     
  70.000         295.000            1.123e+00           2.339e-02              72.854           1.100e+00              74.732           1.000e+02     
  75.000         295.000            1.110e+00           1.206e-02              71.970           1.098e+00              74.662           1.000e+02     
  80.000         295.000            1.103e+00           4.370e-03              70.025           1.098e+00              74.607           1.000e+02     
  85.000         295.000            1.100e+00           4.980e-04              60.595           1.100e+00              74.566           1.000e+02     
  90.000         295.000            1.103e+00           5.477e-04             268.099           1.103e+00              74.539           1.000e+02     
  95.000         295.000            1.112e+00           4.529e-03             259.291           1.107e+00              74.528           1.000e+02     
 100.000         295.000            1.125e+00           1.236e-02             257.470           1.113e+00              74.531           1.000e+02     
 105.000         295.000            1.144e+00           2.388e-02             256.711           1.120e+00              74.549           1.000e+02     
 110.000         295.000            1.167e+00           3.882e-02             256.321           1.128e+00              74.582           1.000e+02     
 115.000         295.000            1.195e+00           5.684e-02             256.108           1.138e+00              74.631           1.000e+02     
 120.000         295.000            1.226e+00           7.751e-02             255.998           1.148e+00              74.694           1.000e+02     
 125.000         295.000            1.260e+00           1.003e-01             255.956           1.159e+00              74.772           1.000e+02     
 130.000         295.000            1.296e+00           1.246e-01             255.962           1.171e+00              74.865           1.000e+02     
 135.000         295.000            1.333e+00           1.498e-01             256.004           1.183e+00              74.971           1.000e+02     
 140.000         295.000            1.370e+00           1.751e-01             256.076           1.195e+00              75.090           1.000e+02     
 145.000         295.000            1.406e+00           1.999e-01             256.171           1.207e+00              75.222           1.000e+02     
 150.000         295.000            1.441e+00           2.232e-01             256.284           1.218e+00              75.366           1.000e+02     
 155.000         295.000            1.473e+00           2.445e-01             256.413           1.229e+00              75.521           1.000e+02     
 160.000         295.000            1.502e+00           2.629e-01             256.553           1.239e+00              75.685           1.000e+02     
 165.000         295.000            1.525e+00           2.778e-01             256.703           1.248e+00              75.857           1.000e+02     
 170.000         295.000            1.544e+00           2.888e-01             256.858           1.255e+00              76.037           1.000e+02     
 175.000         295.000            1.557e+00           2.954e-01             257.016           1.262e+00              76.222           1.000e+02     
 180.000         295.000            1.564e+00           2.973e-01             257.175           1.267e+00              76.411           1.000e+02     
   0.000         300.000            1.474e+00           3.849e-01              77.149           1.090e+00              76.808           1.000e+02     
   5.000         300.000            1.461e+00           3.784e-01              76.814           1.083e+00              76.567           1.000e+02     
  10.000         300.000            1.440e+00           3.657e-01              76.484           1.075e+00              76.328           1.000e+02     
  15.000         300.000            1.413e+00           3.474e-01              76.161           1.066e+00              76.093           1.000e+02     
  20.000         300.000            1.381e+00           3.242e-01              75.845           1.057e+00              75.864           1.000e+02     
  25.000         300.000            1.343e+00           2.968e-01              75.538           1.047e+00              75.641           1.000e+02     
  30.000         300.000            1.303e+00           2.664e-01              75.240           1.036e+00              75.428           1.000e+02     
  35.000         300.000            1.260e+00           2.339e-01              74.950           1.026e+00              75.225           1.000e+02     
  40.000         300.000            1.217e+00           2.003e-01              74.667           1.016e+00              75.033           1.000e+02     
  45.000         300.000            1.174e+00           1.669e-01              74.390           1.007e+00              74.854           1.000e+02     
  50.000         300.000            1.133e+00           1.344e-01              74.114           9.982e-01              74.689           1.000e+02     
  55.000         300.000            1.094e+00           1.040e-01              73.833           9.904e-01              74.538           1.000e+02     
  60.000         300.000            1.060e+00           7.636e-02              73.533           9.836e-01              74.403           1.000e+02     
  65.000         300.000            1.030e+00           5.222e-02              73.190           9.782e-01              74.284           1.000e+02     
  70.000         300.000            1.006e+00           3.218e-02              72.749           9.742e-01              74.182           1.000e+02     
  75.000         300.000            9.885e-01           1.671e-02              72.067           9.718e-01              74.097           1.000e+02     
  80.000         300.000            9.771e-01           6.153e-03              70.631           9.710e-01              74.031           1.000e+02     
  85.000         300.000            9.726e-01           7.503e-04              64.070           9.718e-01              73.982           1.000e+02     
  90.000         300.000            9.750e-01           6.238e-04             264.995           9.744e-01              73.952           1.000e+02     
  95.000         300.000            9.845e-01           5.788e-03             257.609           9.787e-01              73.941           1.000e+02     
 100.000         300.000            1.001e+00           1.615e-02             256.192           9.846e-01              73.949           1.000e+02     
 105.000         300.000            1.023e+00           3.150e-02             255.626           9.920e-01              73.976           1.000e+02     
 110.000         300.000            1.052e+00           5.154e-02             255.355           1.001e+00              74.023           1.000e+02     
 115.000         300.000            1.087e+00           7.582e-02             255.229           1.011e+00              74.088           1.000e+02     
 120.000         300.000            1.126e+00           1.038e-01             255.190           1.022e+00              74.173           1.000e+02     
 125.000         300.000            1.169e+00           1.348e-01             255.210           1.034e+00              74.276           1.000e+02     
 130.000         300.000            1.215e+00           1.681e-01             255.274           1.047e+00              74.397           1.000e+02     
 135.000         300.000            1.263e+00           2.028e-01             255.373           1.060e+00              74.535           1.000e+02     
 140.000         300.000            1.311e+00           2.378e-01             255.500           1.073e+00              74.690           1.000e+02     
 145.000         300.000            1.359e+00           2.723e-01             255.649           1.086e+00              74.860           1.000e+02     
 150.000         300.000            1.404e+00           3.050e-01             255.819           1.099e+00              75.045           1.000e+02     
 155.000         300.000            1.446e+00           3.349e-01             256.004           1.111e+00              75.243           1.000e+02     
 160.000         300.000            1.483e+00           3.610e-01             256.201           1.122e+00              75.453           1.000e+02     
 165.000         300.000            1.514e+00           3.824e-01             256.409           1.132e+00              75.673           1.000e+02     
 170.000         300.000            1.539e+00           3.983e-01             256.623           1.140e+00              75.902           1.000e+02     
 175.000         300.000            1.556e+00           4.080e-01             256.840           1.147e+00              76.137           1.000e+02     
 180.000         300.000            1.564e+00           4.113e-01             257.058           1.153e+00              76.378           1.000e+02     
   0.000         305.000            1.474e+00           5.027e-01              77.105           9.717e-01              76.790           1.000e+02     
   5.000         305.000            1.459e+00           4.939e-01              76.730           9.647e-01              76.501           1.000e+02     
  10.000         305.000            1.433e+00           4.770e-01              76.361           9.564e-01              76.214           1.000e+02     
  15.000         305.000            1.400e+00           4.527e-01              76.001           9.471e-01              75.933           1.000e+02     
  20.000         305.000            1.359e+00           4.218e-01              75.650           9.369e-01              75.658           1.000e+02     
  25.000         305.000            1.312e+00           3.856e-01              75.310           9.261e-01              75.393           1.000e+02     
  30.000         305.000            1.260e+00           3.455e-01              74.982           9.149e-01              75.138           1.000e+02     
  35.000         305.000            1.206e+00           3.027e-01              74.667           9.036e-01              74.895           1.000e+02     
  40.000         305.000            1.151e+00           2.588e-01              74.363           8.925e-01              74.666           1.000e+02     
  45.000         305.000            1.097e+00           2.152e-01              74.071           8.819e-01              74.453           1.000e+02     
  50.000         305.000            1.045e+00           1.731e-01              73.787           8.720e-01              74.256           1.000e+02     
  55.000         305.000            9.967e-01           1.337e-01              73.507           8.630e-01              74.077           1.000e+02     
  60.000         305.000            9.533e-01           9.808e-02              73.221           8.552e-01              73.917           1.000e+02     
  65.000         305.000            9.159e-01           6.707e-02              72.911           8.488e-01              73.776           1.000e+02     
  70.000         305.000            8.853e-01           4.138e-02              72.536           8.439e-01              73.656           1.000e+02     
  75.000         305.000            8.622e-01           2.156e-02              71.990           8.406e-01              73.556           1.000e+02     
  80.000         305.000            8.472e-01           8.019e-03              70.894           8.392e-01              73.478           1.000e+02     
  85.000         305.000            8.405e-01           1.021e-03              66.116           8.395e-01              73.423           1.000e+02     
  90.000         305.000            8.423e-01           7.058e-04             262.278           8.416e-01              73.389           1.000e+02     
  95.000         305.000            8.527e-01           7.090e-03             256.219           8.456e-01              73.379           1.000e+02     
 100.000         305.000            8.715e-01           2.007e-02             255.121           8.514e-01              73.391           1.000e+02     
 105.000         305.000            8.982e-01           3.942e-02             254.703           8.588e-01              73.427           1.000e+02     
 110.000         305.000            9.326e-01           6.478e-02             254.525           8.678e-01              73.485           1.000e+02     
 115.000         305.000            9.739e-01           9.567e-02             254.468           8.782e-01              73.567           1.000e+02     
 120.000         305.000            1.021e+00           1.314e-01             254.486           8.899e-01              73.671           1.000e+02     
 125.000         305.000            1.074e+00           1.713e-01             254.557           9.025e-01              73.797           1.000e+02     
 130.000         305.000            1.130e+00           2.142e-01             254.670           9.159e-01              73.945           1.000e+02     
 135.000         305.000            1.189e+00           2.592e-01             254.817           9.297e-01              74.114           1.000e+02     
 140.000         305.000            1.249e+00           3.049e-01             254.992           9.437e-01              74.303           1.000e+02     
 145.000         305.000            1.308e+00           3.501e-01             255.191           9.576e-01              74.510           1.000e+02     
 150.000         305.000            1.364e+00           3.933e-01             255.411           9.711e-01              74.734           1.000e+02     
 155.000         305.000            1.417e+00           4.330e-01             255.647           9.838e-01              74.974           1.000e+02     
 160.000         305.000            1.463e+00           4.679e-01             255.897           9.955e-01              75.227           1.000e+02     
 165.000         305.000            1.503e+00           4.967e-01             256.157           1.006e+00              75.493           1.000e+02     
 170.000         305.000            1.533e+00           5.182e-01             256.426           1.015e+00              75.768           1.000e+02     
 175.000         305.000            1.554e+00           5.317e-01             256.698           1.022e+00              76.051           1.000e+02     
 180.000         305.000            1.564e+00           5.364e-01             256.971           1.028e+00              76.340           1.000e+02     
   0.000         310.000            1.474e+00           6.276e-01              77.071           8.468e-01              76.768           1.000e+02     
   5.000         310.000            1.456e+00           6.164e-01              76.655           8.399e-01              76.434           1.000e+02     
  10.000         310.000            1.426e+00           5.947e-01              76.248           8.316e-01              76.103           1.000e+02     
  15.000         310.000            1.386e+00           5.637e-01              75.850           8.221e-01              75.778           1.000e+02     
  20.000         310.000            1.336e+00           5.244e-01              75.463           8.117e-01              75.461           1.000e+02     
  25.000         310.000            1.279e+00           4.786e-01              75.090           8.005e-01              75.155           1.000e+02     
  30.000         310.000            1.217e+00           4.279e-01              74.732           7.889e-01              74.861           1.000e+02     
  35.000         310.000            1.151e+00           3.741e-01              74.389           7.771e-01              74.581           1.000e+02     
  40.000         310.000            1.085e+00           3.192e-01              74.063           7.654e-01              74.317           1.000e+02     
  45.000         310.000            1.019e+00           2.648e-01              73.752           7.542e-01              74.072           1.000e+02     
  50.000         310.000            9.562e-01           2.125e-01              73.456           7.437e-01              73.845           1.000e+02     
  55.000         310.000            8.980e-01           1.639e-01              73.171           7.341e-01              73.640           1.000e+02     
  60.000         310.000            8.458e-01           1.200e-01              72.890           7.258e-01              73.455           1.000e+02     
  65.000         310.000            8.008e-01           8.201e-02              72.600           7.188e-01              73.294           1.000e+02     
  70.000         310.000            7.639e-01           5.059e-02              72.270           7.133e-01              73.156           1.000e+02     
  75.000         310.000            7.360e-01           2.641e-02              71.821           7.096e-01              73.042           1.000e+02     
  80.000         310.000            7.175e-01           9.878e-03              70.967           7.076e-01              72.954           1.000e+02     
  85.000         310.000            7.088e-01           1.292e-03              67.405           7.075e-01              72.891           1.000e+02     
  90.000         310.000            7.100e-01           7.916e-04             259.907           7.092e-01              72.854           1.000e+02     
  95.000         310.000            7.212e-01           8.393e-03             255.040           7.128e-01              72.843           1.000e+02     
 100.000         310.000            7.423e-01           2.399e-02             254.198           7.183e-01              72.859           1.000e+02     
 105.000         310.000            7.728e-01           4.734e-02             253.898           7.255e-01              72.902           1.000e+02     
 110.000         310.000            8.123e-01           7.807e-02             253.794           7.343e-01              72.972           1.000e+02     
 115.000         310.000            8.602e-01           1.156e-01             253.792           7.446e-01              73.068           1.000e+02     
 120.000         310.000            9.155e-01           1.593e-01             253.858           7.561e-01              73.191           1.000e+02     
 125.000         310.000            9.770e-01           2.083e-01             253.973           7.687e-01              73.340           1.000e+02     
 130.000         310.000            1.043e+00           2.613e-01             254.129           7.822e-01              73.513           1.000e+02     
 135.000         310.000            1.113e+00           3.171e-01             254.318           7.961e-01              73.710           1.000e+02     
 140.000         310.000            1.184e+00           3.742e-01             254.537           8.103e-01              73.930           1.000e+02     
 145.000         310.000            1.255e+00           4.308e-01             254.780           8.243e-01              74.172           1.000e+02     
 150.000         310.000            1.323e+00           4.853e-01             255.045           8.380e-01              74.433           1.000e+02     
 155.000         310.000            1.387e+00           5.356e-01             255.328           8.509e-01              74.712           1.000e+02     
 160.000         310.000            1.443e+00           5.801e-01             255.627           8.628e-01              75.007           1.000e+02     
 165.000         310.000            1.490e+00           6.170e-01             255.937           8.733e-01              75.315           1.000e+02     
 170.000         310.000            1.527e+00           6.448e-01             256.255           8.823e-01              75.635           1.000e+02     
 175.000         310.000            1.552e+00           6.625e-01             256.578           8.896e-01              75.963           1.000e+02     
 180.000         310.000            1.564e+00           6.691e-01             256.903           8.951e-01              76.297           1.000e+02     
   0.000         315.000            1.474e+00           7.559e-01              77.043           7.186e-01              76.744           1.000e+02     
   5.000         315.000            1.454e+00           7.419e-01              76.589           7.120e-01              76.368           1.000e+02     
  10.000         315.000            1.419e+00           7.152e-01              76.143           7.041e-01              75.995           1.000e+02     
  15.000         315.000            1.372e+00           6.769e-01              75.708           6.949e-01              75.630           1.000e+02     
  20.000         315.000            1.313e+00           6.288e-01              75.287           6.847e-01              75.273           1.000e+02     
  25.000         315.000            1.246e+00           5.727e-01              74.881           6.737e-01              74.929           1.000e+02     
  30.000         315.000            1.173e+00           5.109e-01              74.492           6.623e-01              74.598           1.000e+02     
  35.000         315.000            1.096e+00           4.458e-01              74.122           6.506e-01              74.284           1.000e+02     
  40.000         315.000            1.018e+00           3.794e-01              73.772           6.391e-01              73.988           1.000e+02     
  45.000         315.000            9.419e-01           3.140e-01              73.442           6.279e-01              73.713           1.000e+02     
  50.000         315.000            8.689e-01           2.514e-01              73.131           6.174e-01              73.458           1.000e+02     
  55.000         315.000            8.013e-01           1.935e-01              72.838           6.078e-01              73.227           1.000e+02     
  60.000         315.000            7.409e-01           1.414e-01              72.558           5.994e-01              73.021           1.000e+02     
  65.000         315.000            6.888e-01           9.650e-02              72.280           5.923e-01              72.840           1.000e+02     
  70.000         315.000            6.462e-01           5.949e-02              71.982           5.867e-01              72.685           1.000e+02     
  75.000         315.000            6.138e-01           3.106e-02              71.605           5.828e-01              72.558           1.000e+02     
  80.000         315.000            5.922e-01           1.166e-02              70.933           5.805e-01              72.459           1.000e+02     
  85.000         315.000            5.816e-01           1.551e-03              68.257           5.801e-01              72.389           1.000e+02     
  90.000         315.000            5.823e-01           8.791e-04             257.839           5.815e-01              72.348           1.000e+02     
  95.000         315.000            5.943e-01           9.656e-03             254.022           5.846e-01              72.337           1.000e+02     
 100.000         315.000            6.174e-01           2.777e-02             253.389           5.896e-01              72.357           1.000e+02     
 105.000         315.000            6.513e-01           5.500e-02             253.185           5.963e-01              72.406           1.000e+02     
 110.000         315.000            6.955e-01           9.095e-02             253.141           6.045e-01              72.486           1.000e+02     
 115.000         315.000            7.493e-01           1.351e-01             253.186           6.142e-01              72.596           1.000e+02     
 120.000         315.000            8.118e-01           1.866e-01             253.292           6.252e-01              72.736           1.000e+02     
 125.000         315.000            8.818e-01           2.446e-01             253.446           6.372e-01              72.904           1.000e+02     
 130.000         315.000            9.579e-01           3.078e-01             253.639           6.501e-01              73.101           1.000e+02     
 135.000         315.000            1.038e+00           3.746e-01             253.867           6.635e-01              73.325           1.000e+02     
 140.000         315.000            1.120e+00           4.433e-01             254.124           6.772e-01              73.574           1.000e+02     
 145.000         315.000            1.203e+00           5.118e-01             254.408           6.908e-01              73.848           1.000e+02     
 150.000         315.000            1.282e+00           5.780e-01             254.715           7.040e-01              74.143           1.000e+02     
 155.000         315.000            1.356e+00           6.396e-01             255.041           7.165e-01              74.458           1.000e+02     
 160.000         315.000            1.422e+00           6.942e-01             255.384           7.280e-01              74.791           1.000e+02     
 165.000         315.000            1.478e+00           7.398e-01             255.740           7.382e-01              75.140           1.000e+02     
 170.000         315.000            1.521e+00           7.744e-01             256.105           7.469e-01              75.500           1.000e+02     
 175.000         315.000            1.550e+00           7.965e-01             256.475           7.539e-01              75.871           1.000e+02     
 180.000         315.000            1.564e+00           8.052e-01             256.847           7.590e-01              76.248           1.000e+02     
   0.000         320.000            1.474e+00           8.835e-01              77.020           5.909e-01              76.714           1.000e+02     
   5.000         320.000            1.452e+00           8.667e-01              76.528           5.850e-01              76.300           1.000e+02     
  10.000         320.000            1.412e+00           8.347e-01              76.046           5.778e-01              75.890           1.000e+02     
  15.000         320.000            1.358e+00           7.890e-01              75.576           5.693e-01              75.488           1.000e+02     
  20.000         320.000            1.292e+00           7.317e-01              75.122           5.598e-01              75.095           1.000e+02     
  25.000         320.000            1.215e+00           6.652e-01              74.685           5.496e-01              74.716           1.000e+02     
  30.000         320.000            1.131e+00           5.922e-01              74.267           5.389e-01              74.352           1.000e+02     
  35.000         320.000            1.043e+00           5.154e-01              73.870           5.280e-01              74.007           1.000e+02     
  40.000         320.000            9.547e-01           4.376e-01              73.497           5.171e-01              73.681           1.000e+02     
  45.000         320.000            8.679e-01           3.613e-01              73.147           5.066e-01              73.377           1.000e+02     
  50.000         320.000            7.854e-01           2.886e-01              72.821           4.968e-01              73.098           1.000e+02     
  55.000         320.000            7.093e-01           2.216e-01              72.518           4.877e-01              72.843           1.000e+02     
  60.000         320.000            6.414e-01           1.617e-01              72.235           4.797e-01              72.616           1.000e+02     
  65.000         320.000            5.831e-01           1.101e-01              71.965           4.730e-01              72.416           1.000e+02     
  70.000         320.000            5.354e-01           6.780e-02              71.691           4.676e-01              72.246           1.000e+02     
  75.000         320.000            4.992e-01           3.539e-02              71.368           4.638e-01              72.106           1.000e+02     
  80.000         320.000            4.748e-01           1.330e-02              70.839           4.615e-01              71.997           1.000e+02     
  85.000         320.000            4.626e-01           1.787e-03              68.843           4.609e-01              71.920           1.000e+02     
  90.000         320.000            4.629e-01           9.656e-04             256.039           4.619e-01              71.875           1.000e+02     
  95.000         320.000            4.754e-01           1.084e-02             253.134           4.646e-01              71.864           1.000e+02     
 100.000         320.000            5.002e-01           3.132e-02             252.674           4.689e-01              71.885           1.000e+02     
 105.000         320.000            5.370e-01           6.218e-02             252.549           4.748e-01              71.941           1.000e+02     
 110.000         320.000            5.853e-01           1.031e-01             252.556           4.822e-01              72.029           1.000e+02     
 115.000         320.000            6.444e-01           1.534e-01             252.641           4.910e-01              72.151           1.000e+02     
 120.000         320.000            7.134e-01           2.125e-01             252.782           5.009e-01              72.306           1.000e+02     
 125.000         320.000            7.911e-01           2.792e-01             252.969           5.119e-01              72.493           1.000e+02     
 130.000         320.000            8.759e-01           3.523e-01             253.196           5.236e-01              72.711           1.000e+02     
 135.000         320.000            9.658e-01           4.299e-01             253.458           5.359e-01              72.959           1.000e+02     
 140.000         320.000            1.059e+00           5.101e-01             253.751           5.484e-01              73.235           1.000e+02     
 145.000         320.000            1.152e+00           5.906e-01             254.071           5.609e-01              73.537           1.000e+02     
 150.000         320.000            1.242e+00           6.687e-01             254.416           5.731e-01              73.864           1.000e+02     
 155.000         320.000            1.326e+00           7.417e-01             254.782           5.847e-01              74.213           1.000e+02     
 160.000         320.000            1.402e+00           8.067e-01             255.165           5.953e-01              74.581           1.000e+02     
 165.000         320.000            1.466e+00           8.612e-01             255.563           6.047e-01              74.965           1.000e+02     
 170.000         320.000            1.515e+00           9.029e-01             255.970           6.126e-01              75.364           1.000e+02     
 175.000         320.000            1.549e+00           9.297e-01             256.384           6.190e-01              75.772           1.000e+02     
 180.000         320.000            1.564e+00           9.406e-01             256.801           6.236e-01              76.189           1.000e+02     
   0.000         325.000            1.474e+00           1.007e+00              76.999           4.676e-01              76.678           1.000e+02     
   5.000         325.000            1.450e+00           9.870e-01              76.473           4.626e-01              76.230           1.000e+02     
  10.000         325.000            1.406e+00           9.497e-01              75.957           4.563e-01              75.786           1.000e+02     
  15.000         325.000            1.346e+00           8.966e-01              75.455           4.489e-01              75.351           1.000e+02     
  20.000         325.000            1.271e+00           8.302e-01              74.969           4.406e-01              74.927           1.000e+02     
  25.000         325.000            1.185e+00           7.533e-01              74.503           4.316e-01              74.516           1.000e+02     
  30.000         325.000            1.091e+00           6.693e-01              74.058           4.221e-01              74.123           1.000e+02     
  35.000         325.000            9.937e-01           5.812e-01              73.636           4.125e-01              73.749           1.000e+02     
  40.000         325.000            8.951e-01           4.923e-01              73.241           4.029e-01              73.397           1.000e+02     
  45.000         325.000            7.990e-01           4.054e-01              72.872           3.936e-01              73.068           1.000e+02     
  50.000         325.000            7.079e-01           3.231e-01              72.531           3.848e-01              72.765           1.000e+02     
  55.000         325.000            6.243e-01           2.475e-01              72.218           3.768e-01              72.489           1.000e+02     
  60.000         325.000            5.499e-01           1.802e-01              71.931           3.697e-01              72.242           1.000e+02     
  65.000         325.000            4.862e-01           1.225e-01              71.665           3.637e-01              72.026           1.000e+02     
  70.000         325.000            4.342e-01           7.531e-02              71.408           3.589e-01              71.841           1.000e+02     
  75.000         325.000            3.947e-01           3.928e-02              71.130           3.554e-01              71.689           1.000e+02     
  80.000         325.000            3.680e-01           1.477e-02              70.716           3.533e-01              71.570           1.000e+02     
  85.000         325.000            3.545e-01           1.994e-03              69.261           3.525e-01              71.486           1.000e+02     
  90.000         325.000            3.543e-01           1.049e-03             254.473           3.533e-01              71.437           1.000e+02     
  95.000         325.000            3.674e-01           1.193e-02             252.355           3.555e-01              71.424           1.000e+02     
 100.000         325.000            3.936e-01           3.455e-02             252.041           3.591e-01              71.447           1.000e+02     
 105.000         325.000            4.328e-01           6.871e-02             251.983           3.641e-01              71.506           1.000e+02     
 110.000         325.000            4.844e-01           1.141e-01             252.033           3.703e-01              71.602           1.000e+02     
 115.000         325.000            5.480e-01           1.702e-01             252.151           3.778e-01              71.735           1.000e+02     
 120.000         325.000            6.226e-01           2.362e-01             252.323           3.863e-01              71.903           1.000e+02     
 125.000         325.000            7.070e-01           3.112e-01             252.540           3.958e-01              72.106           1.000e+02     
 130.000         325.000            7.995e-01           3.936e-01             252.796           4.059e-01              72.342           1.000e+02     
 135.000         325.000            8.982e-01           4.816e-01             253.089           4.166e-01              72.612           1.000e+02     
 140.000         325.000            1.000e+00           5.730e-01             253.413           4.275e-01              72.911           1.000e+02     
 145.000         325.000            1.103e+00           6.650e-01             253.767           4.384e-01              73.240           1.000e+02     
 150.000         325.000            1.204e+00           7.547e-01             254.146           4.491e-01              73.594           1.000e+02     
 155.000         325.000            1.298e+00           8.389e-01             254.548           4.591e-01              73.973           1.000e+02     
 160.000         325.000            1.383e+00           9.143e-01             254.968           4.684e-01              74.372           1.000e+02     
 165.000         325.000            1.454e+00           9.778e-01             255.403           4.766e-01              74.789           1.000e+02     
 170.000         325.000            1.510e+00           1.026e+00             255.850           4.836e-01              75.221           1.000e+02     
 175.000         325.000            1.547e+00           1.058e+00             256.304           4.891e-01              75.664           1.000e+02     
 180.000         325.000            1.564e+00           1.071e+00             256.760           4.930e-01              76.115           1.000e+02     
   0.000         330.000            1.474e+00           1.122e+00              76.981           3.526e-01              76.630           1.000e+02     
   5.000         330.000            1.448e+00           1.099e+00              76.423           3.485e-01              76.154           1.000e+02     
  10.000         330.000            1.400e+00           1.057e+00              75.877           3.434e-01              75.682           1.000e+02     
  15.000         330.000            1.334e+00           9.966e-01              75.345           3.373e-01              75.218           1.000e+02     
  20.000         330.000            1.252e+00           9.214e-01              74.831           3.304e-01              74.767           1.000e+02     
  25.000         330.000            1.158e+00           8.346e-01              74.337           3.230e-01              74.330           1.000e+02     
  30.000         330.000            1.055e+00           7.400e-01              73.867           3.151e-01              73.911           1.000e+02     
  35.000         330.000            9.484e-01           6.412e-01              73.423           3.071e-01              73.512           1.000e+02     
  40.000         330.000            8.411e-01           5.419e-01              73.006           2.992e-01              73.136           1.000e+02     
  45.000         330.000            7.367e-01           4.453e-01              72.620           2.915e-01              72.785           1.000e+02     
  50.000         330.000            6.383e-01           3.540e-01              72.265           2.842e-01              72.461           1.000e+02     
  55.000         330.000            5.481e-01           2.706e-01              71.942           2.776e-01              72.166           1.000e+02     
  60.000         330.000            4.682e-01           1.966e-01              71.650           2.717e-01              71.902           1.000e+02     
  65.000         330.000            4.001e-01           1.334e-01              71.387           2.667e-01              71.670           1.000e+02     
  70.000         330.000            3.445e-01           8.190e-02              71.144           2.626e-01              71.471           1.000e+02     
  75.000         330.000            3.023e-01           4.267e-02              70.901           2.597e-01              71.307           1.000e+02     
  80.000         330.000            2.739e-01           1.604e-02              70.582           2.578e-01              71.179           1.000e+02     
  85.000         330.000            2.593e-01           2.170e-03              69.573           2.571e-01              71.088           1.000e+02     
  90.000         330.000            2.588e-01           1.125e-03             253.114           2.576e-01              71.034           1.000e+02     
  95.000         330.000            2.722e-01           1.289e-02             251.673           2.593e-01              71.018           1.000e+02     
 100.000         330.000            2.995e-01           3.739e-02             251.482           2.622e-01              71.042           1.000e+02     
 105.000         330.000            3.406e-01           7.447e-02             251.480           2.661e-01              71.104           1.000e+02     
 110.000         330.000            3.950e-01           1.239e-01             251.567           2.711e-01              71.206           1.000e+02     
 115.000         330.000            4.622e-01           1.851e-01             251.715           2.771e-01              71.346           1.000e+02     
 120.000         330.000            5.415e-01           2.574e-01             251.913           2.840e-01              71.525           1.000e+02     
 125.000         330.000            6.315e-01           3.398e-01             252.156           2.917e-01              71.741           1.000e+02     
 130.000         330.000            7.307e-01           4.308e-01             252.439           2.999e-01              71.994           1.000e+02     
 135.000         330.000            8.370e-01           5.284e-01             252.758           3.086e-01              72.281           1.000e+02     
 140.000         330.000            9.477e-01           6.301e-01             253.111           3.175e-01              72.601           1.000e+02     
 145.000         330.000            1.060e+00           7.330e-01             253.494           3.265e-01              72.952           1.000e+02     
 150.000         330.000            1.169e+00           8.338e-01             253.904           3.352e-01              73.330           1.000e+02     
 155.000         330.000            1.272e+00           9.286e-01             254.338           3.435e-01              73.734           1.000e+02     
 160.000         330.000            1.365e+00           1.014e+00             254.791           3.511e-01              74.160           1.000e+02     
 165.000         330.000            1.444e+00           1.086e+00             255.261           3.578e-01              74.605           1.000e+02     
 170.000         330.000            1.505e+00           1.141e+00             255.742           3.635e-01              75.066           1.000e+02     
 175.000         330.000            1.546e+00           1.178e+00             256.232           3.680e-01              75.539           1.000e+02     
 180.000         330.000            1.564e+00           1.193e+00             256.724           3.712e-01              76.019           1.000e+02     
   0.000         335.000            1.474e+00           1.225e+00              76.965           2.492e-01              76.565           1.000e+02     
   5.000         335.000            1.446e+00           1.200e+00              76.379           2.461e-01              76.066           1.000e+02     
  10.000         335.000            1.395e+00           1.153e+00              75.805           2.422e-01              75.572           1.000e+02     
  15.000         335.000            1.324e+00           1.086e+00              75.246           2.376e-01              75.086           1.000e+02     
  20.000         335.000            1.235e+00           1.003e+00              74.707           2.323e-01              74.613           1.000e+02     
  25.000         335.000            1.133e+00           9.068e-01              74.189           2.266e-01              74.154           1.000e+02     
  30.000         335.000            1.023e+00           8.026e-01              73.696           2.206e-01              73.714           1.000e+02     
  35.000         335.000            9.086e-01           6.941e-01              73.231           2.145e-01              73.295           1.000e+02     
  40.000         335.000            7.938e-01           5.854e-01              72.797           2.084e-01              72.899           1.000e+02     
  45.000         335.000            6.825e-01           4.800e-01              72.395           2.025e-01              72.530           1.000e+02     
  50.000         335.000            5.778e-01           3.809e-01              72.027           1.969e-01              72.188           1.000e+02     
  55.000         335.000            4.823e-01           2.905e-01              71.694           1.918e-01              71.876           1.000e+02     
  60.000         335.000            3.979e-01           2.106e-01              71.398           1.873e-01              71.596           1.000e+02     
  65.000         335.000            3.261e-01           1.427e-01              71.135           1.834e-01              71.349           1.000e+02     
  70.000         335.000            2.678e-01           8.748e-02              70.904           1.803e-01              71.137           1.000e+02     
  75.000         335.000            2.236e-01           4.553e-02              70.691           1.780e-01              70.962           1.000e+02     
  80.000         335.000            1.937e-01           1.710e-02              70.451           1.766e-01              70.824           1.000e+02     
  85.000         335.000            1.783e-01           2.314e-03              69.814           1.760e-01              70.725           1.000e+02     
  90.000         335.000            1.775e-01           1.194e-03             251.940           1.763e-01              70.665           1.000e+02     
  95.000         335.000            1.912e-01           1.371e-02             251.079           1.775e-01              70.646           1.000e+02     
 100.000         335.000            2.194e-01           3.981e-02             250.992           1.796e-01              70.668           1.000e+02     
 105.000         335.000            2.619e-01           7.938e-02             251.038           1.825e-01              70.731           1.000e+02     
 110.000         335.000            3.184e-01           1.322e-01             251.157           1.862e-01              70.836           1.000e+02     
 115.000         335.000            3.885e-01           1.978e-01             251.330           1.907e-01              70.982           1.000e+02     
 120.000         335.000            4.715e-01           2.756e-01             251.552           1.959e-01              71.169           1.000e+02     
 125.000         335.000            5.661e-01           3.645e-01             251.817           2.016e-01              71.395           1.000e+02     
 130.000         335.000            6.709e-01           4.631e-01             252.123           2.078e-01              71.660           1.000e+02     
 135.000         335.000            7.836e-01           5.692e-01             252.466           2.144e-01              71.962           1.000e+02     
 140.000         335.000            9.013e-01           6.802e-01             252.844           2.211e-01              72.298           1.000e+02     
 145.000         335.000            1.021e+00           7.930e-01             253.253           2.279e-01              72.666           1.000e+02     
 150.000         335.000            1.138e+00           9.037e-01             253.690           2.345e-01              73.064           1.000e+02     
 155.000         335.000            1.249e+00           1.008e+00             254.152           2.408e-01              73.489           1.000e+02     
 160.000         335.000            1.349e+00           1.103e+00             254.635           2.466e-01              73.936           1.000e+02     
 165.000         335.000            1.434e+00           1.183e+00             255.134           2.518e-01              74.404           1.000e+02     
 170.000         335.000            1.500e+00           1.244e+00             255.647           2.561e-01              74.887           1.000e+02     
 175.000         335.000            1.544e+00           1.285e+00             256.167           2.595e-01              75.384           1.000e+02     
 180.000         335.000            1.564e+00           1.302e+00             256.691           2.619e-01              75.888           1.000e+02     
   0.000         340.000            1.474e+00           1.314e+00              76.950           1.607e-01              76.469           1.000e+02     
   5.000         340.000            1.445e+00           1.286e+00              76.339           1.586e-01              75.956           1.000e+02     
  10.000         340.000            1.391e+00           1.235e+00              75.741           1.559e-01              75.447           1.000e+02     
  15.000         340.000            1.315e+00           1.162e+00              75.160           1.527e-01              74.947           1.000e+02     
  20.000         340.000            1.221e+00           1.072e+00              74.598           1.490e-01              74.458           1.000e+02     
  25.000         340.000            1.113e+00           9.681e-01              74.059           1.451e-01              73.985           1.000e+02     
  30.000         340.000            9.964e-01           8.555e-01              73.547           1.409e-01              73.530           1.000e+02     
  35.000         340.000            8.753e-01           7.387e-01              73.064           1.366e-01              73.095           1.000e+02     
  40.000         340.000            7.543e-01           6.219e-01              72.614           1.324e-01              72.685           1.000e+02     
  45.000         340.000            6.373e-01           5.090e-01              72.198           1.283e-01              72.300           1.000e+02     
  50.000         340.000            5.276e-01           4.031e-01              71.818           1.244e-01              71.943           1.000e+02     
  55.000         340.000            4.278e-01           3.069e-01              71.478           1.209e-01              71.617           1.000e+02     
  60.000         340.000            3.400e-01           2.222e-01              71.176           1.178e-01              71.323           1.000e+02     
  65.000         340.000            2.654e-01           1.503e-01              70.915           1.151e-01              71.063           1.000e+02     
  70.000         340.000            2.050e-01           9.201e-02              70.693           1.130e-01              70.838           1.000e+02     
  75.000         340.000            1.592e-01           4.783e-02              70.505           1.113e-01              70.651           1.000e+02     
  80.000         340.000            1.283e-01           1.795e-02              70.332           1.103e-01              70.502           1.000e+02     
  85.000         340.000            1.123e-01           2.429e-03              70.011           1.099e-01              70.393           1.000e+02     
  90.000         340.000            1.113e-01           1.251e-03             250.933           1.100e-01              70.326           1.000e+02     
  95.000         340.000            1.252e-01           1.438e-02             250.567           1.108e-01              70.301           1.000e+02     
 100.000         340.000            1.540e-01           4.178e-02             250.569           1.122e-01              70.319           1.000e+02     
 105.000         340.000            1.975e-01           8.337e-02             250.656           1.141e-01              70.380           1.000e+02     
 110.000         340.000            2.556e-01           1.390e-01             250.801           1.166e-01              70.485           1.000e+02     
 115.000         340.000            3.279e-01           2.083e-01             250.996           1.196e-01              70.633           1.000e+02     
 120.000         340.000            4.137e-01           2.906e-01             251.238           1.231e-01              70.823           1.000e+02     
 125.000         340.000            5.120e-01           3.850e-01             251.523           1.270e-01              71.056           1.000e+02     
 130.000         340.000            6.212e-01           4.899e-01             251.848           1.313e-01              71.328           1.000e+02     
 135.000         340.000            7.390e-01           6.032e-01             252.212           1.357e-01              71.639           1.000e+02     
 140.000         340.000            8.625e-01           7.222e-01             252.611           1.403e-01              71.986           1.000e+02     
 145.000         340.000            9.884e-01           8.434e-01             253.043           1.450e-01              72.367           1.000e+02     
 150.000         340.000            1.112e+00           9.627e-01             253.504           1.495e-01              72.778           1.000e+02     
 155.000         340.000            1.230e+00           1.076e+00             253.990           1.539e-01              73.216           1.000e+02     
 160.000         340.000            1.336e+00           1.178e+00             254.498           1.579e-01              73.678           1.000e+02     
 165.000         340.000            1.426e+00           1.265e+00             255.023           1.614e-01              74.161           1.000e+02     
 170.000         340.000            1.497e+00           1.332e+00             255.562           1.644e-01              74.661           1.000e+02     
 175.000         340.000            1.543e+00           1.377e+00             256.110           1.667e-01              75.173           1.000e+02     
 180.000         340.000            1.564e+00           1.396e+00             256.661           1.684e-01              75.694           1.000e+02     
   0.000         345.000            1.474e+00           1.385e+00              76.935           8.965e-02              76.309           1.000e+02     
   5.000         345.000            1.444e+00           1.355e+00              76.305           8.839e-02              75.794           1.000e+02     
  10.000         345.000            1.387e+00           1.301e+00              75.687           8.678e-02              75.283           1.000e+02     
  15.000         345.000            1.308e+00           1.223e+00              75.086           8.485e-02              74.779           1.000e+02     
  20.000         345.000            1.210e+00           1.127e+00              74.505           8.266e-02              74.287           1.000e+02     
  25.000         345.000            1.097e+00           1.017e+00              73.949           8.028e-02              73.808           1.000e+02     
  30.000         345.000            9.753e-01           8.975e-01              73.420           7.778e-02              73.346           1.000e+02     
  35.000         345.000            8.491e-01           7.739e-01              72.922           7.522e-02              72.904           1.000e+02     
  40.000         345.000            7.233e-01           6.506e-01              72.458           7.269e-02              72.485           1.000e+02     
  45.000         345.000            6.019e-01           5.317e-01              72.031           7.024e-02              72.090           1.000e+02     
  50.000         345.000            4.884e-01           4.205e-01              71.642           6.794e-02              71.723           1.000e+02     
  55.000         345.000            3.855e-01           3.197e-01              71.294           6.583e-02              71.385           1.000e+02     
  60.000         345.000            2.951e-01           2.311e-01              70.989           6.396e-02              71.078           1.000e+02     
  65.000         345.000            2.185e-01           1.561e-01              70.729           6.236e-02              70.804           1.000e+02     
  70.000         345.000            1.566e-01           9.549e-02              70.515           6.107e-02              70.566           1.000e+02     
  75.000         345.000            1.097e-01           4.960e-02              70.348           6.010e-02              70.365           1.000e+02     
  80.000         345.000            7.807e-02           1.860e-02              70.232           5.947e-02              70.204           1.000e+02     
  85.000         345.000            6.170e-02           2.515e-03              70.179           5.918e-02              70.082           1.000e+02     
  90.000         345.000            6.055e-02           1.295e-03             250.078           5.925e-02              70.003           1.000e+02     
  95.000         345.000            7.458e-02           1.490e-02             250.133           5.968e-02              69.967           1.000e+02     
 100.000         345.000            1.037e-01           4.329e-02             250.210           6.045e-02              69.976           1.000e+02     
 105.000         345.000            1.480e-01           8.643e-02             250.332           6.157e-02              70.029           1.000e+02     
 110.000         345.000            2.072e-01           1.442e-01             250.500           6.301e-02              70.128           1.000e+02     
 115.000         345.000            2.811e-01           2.163e-01             250.714           6.476e-02              70.272           1.000e+02     
 120.000         345.000            3.690e-01           3.022e-01             250.972           6.679e-02              70.460           1.000e+02     
 125.000         345.000            4.699e-01           4.009e-01             251.273           6.906e-02              70.691           1.000e+02     
 130.000         345.000            5.824e-01           5.108e-01             251.615           7.154e-02              70.964           1.000e+02     
 135.000         345.000            7.041e-01           6.299e-01             251.997           7.416e-02              71.277           1.000e+02     
 140.000         345.000            8.321e-01           7.552e-01             252.414           7.688e-02              71.626           1.000e+02     
 145.000         345.000            9.628e-01           8.832e-01             252.865           7.962e-02              72.010           1.000e+02     
 150.000         345.000            1.092e+00           1.010e+00             253.345           8.231e-02              72.424           1.000e+02     
 155.000         345.000            1.214e+00           1.130e+00             253.852           8.488e-02              72.867           1.000e+02     
 160.000         345.000            1.325e+00           1.238e+00             254.381           8.725e-02              73.334           1.000e+02     
 165.000         345.000            1.420e+00           1.331e+00             254.928           8.936e-02              73.822           1.000e+02     
 170.000         345.000            1.494e+00           1.403e+00             255.489           9.115e-02              74.326           1.000e+02     
 175.000         345.000            1.543e+00           1.450e+00             256.058           9.256e-02              74.843           1.000e+02     
 180.000         345.000            1.564e+00           1.471e+00             256.632           9.355e-02              75.368           1.000e+02     
   0.000         350.000            1.474e+00           1.436e+00              76.922           3.831e-02              75.981           1.000e+02     
   5.000         350.000            1.443e+00           1.405e+00              76.275           3.771e-02              75.490           1.000e+02     
  10.000         350.000            1.385e+00           1.348e+00              75.641           3.695e-02              75.002           1.000e+02     
  15.000         350.000            1.303e+00           1.267e+00              75.024           3.604e-02              74.518           1.000e+02     
  20.000         350.000            1.202e+00           1.167e+00              74.429           3.501e-02              74.042           1.000e+02     
  25.000         350.000            1.086e+00           1.052e+00              73.859           3.390e-02              73.577           1.000e+02     
  30.000         350.000            9.603e-01           9.276e-01              73.317           3.273e-02              73.126           1.000e+02     
  35.000         350.000            8.306e-01           7.990e-01              72.807           3.154e-02              72.691           1.000e+02     
  40.000         350.000            7.014e-01           6.711e-01              72.332           3.036e-02              72.275           1.000e+02     
  45.000         350.000            5.770e-01           5.478e-01              71.895           2.922e-02              71.880           1.000e+02     
  50.000         350.000            4.609e-01           4.328e-01              71.499           2.815e-02              71.507           1.000e+02     
  55.000         350.000            3.558e-01           3.287e-01              71.146           2.717e-02              71.161           1.000e+02     
  60.000         350.000            2.637e-01           2.374e-01              70.838           2.630e-02              70.842           1.000e+02     
  65.000         350.000            1.858e-01           1.602e-01              70.579           2.556e-02              70.553           1.000e+02     
  70.000         350.000            1.229e-01           9.792e-02              70.372           2.496e-02              70.297           1.000e+02     
  75.000         350.000            7.533e-02           5.083e-02              70.223           2.450e-02              70.076           1.000e+02     
  80.000         350.000            4.326e-02           1.906e-02              70.154           2.420e-02              69.893           1.000e+02     
  85.000         350.000            2.663e-02           2.577e-03              70.327           2.405e-02              69.749           1.000e+02     
  90.000         350.000            2.539e-02           1.325e-03             249.366           2.407e-02              69.646           1.000e+02     
  95.000         350.000            3.949e-02           1.525e-02             249.775           2.424e-02              69.588           1.000e+02     
 100.000         350.000            6.890e-02           4.433e-02             249.916           2.457e-02              69.574           1.000e+02     
 105.000         350.000            1.136e-01           8.854e-02             250.067           2.506e-02              69.606           1.000e+02     
 110.000         350.000            1.735e-01           1.478e-01             250.254           2.570e-02              69.685           1.000e+02     
 115.000         350.000            2.484e-01           2.219e-01             250.482           2.647e-02              69.810           1.000e+02     
 120.000         350.000            3.377e-01           3.103e-01             250.754           2.737e-02              69.981           1.000e+02     
 125.000         350.000            4.404e-01           4.120e-01             251.069           2.839e-02              70.196           1.000e+02     
 130.000         350.000            5.551e-01           5.256e-01             251.425           2.951e-02              70.453           1.000e+02     
 135.000         350.000            6.795e-01           6.488e-01             251.820           3.069e-02              70.751           1.000e+02     
 140.000         350.000            8.106e-01           7.787e-01             252.252           3.192e-02              71.086           1.000e+02     
 145.000         350.000            9.447e-01           9.115e-01             252.718           3.317e-02              71.455           1.000e+02     
 150.000         350.000            1.077e+00           1.043e+00             253.214           3.440e-02              71.855           1.000e+02     
 155.000         350.000            1.204e+00           1.168e+00             253.737           3.558e-02              72.283           1.000e+02     
 160.000         350.000            1.318e+00           1.281e+00             254.283           3.667e-02              72.734           1.000e+02     
 165.000         350.000            1.416e+00           1.378e+00             254.847           3.765e-02              73.204           1.000e+02     
 170.000         350.000            1.492e+00           1.453e+00             255.426           3.848e-02              73.691           1.000e+02     
 175.000         350.000            1.542e+00           1.503e+00             256.013           3.914e-02              74.190           1.000e+02     
 180.000         350.000            1.564e+00           1.525e+00             256.605           3.962e-02              74.697           1.000e+02     
   0.000         355.000            1.474e+00           1.466e+00              76.908           8.204e-03              74.896           1.000e+02     
   5.000         355.000            1.443e+00           1.435e+00              76.249           8.037e-03              74.530           1.000e+02     
  10.000         355.000            1.384e+00           1.376e+00              75.604           7.830e-03              74.157           1.000e+02     
  15.000         355.000            1.300e+00           1.293e+00              74.976           7.586e-03              73.781           1.000e+02     
  20.000         355.000            1.197e+00           1.190e+00              74.370           7.314e-03              73.403           1.000e+02     
  25.000         355.000            1.079e+00           1.072e+00              73.789           7.022e-03              73.025           1.000e+02     
  30.000         355.000            9.518e-01           9.451e-01              73.238           6.718e-03              72.647           1.000e+02     
  35.000         355.000            8.201e-01           8.137e-01              72.719           6.410e-03              72.272           1.000e+02     
  40.000         355.000            6.890e-01           6.829e-01              72.236           6.107e-03              71.901           1.000e+02     
  45.000         355.000            5.630e-01           5.572e-01              71.792           5.817e-03              71.535           1.000e+02     
  50.000         355.000            4.454e-01           4.399e-01              71.391           5.545e-03              71.177           1.000e+02     
  55.000         355.000            3.392e-01           3.339e-01              71.034           5.297e-03              70.828           1.000e+02     
  60.000         355.000            2.461e-01           2.410e-01              70.724           5.077e-03              70.491           1.000e+02     
  65.000         355.000            1.675e-01           1.626e-01              70.466           4.888e-03              70.170           1.000e+02     
  70.000         355.000            1.041e-01           9.932e-02              70.265           4.734e-03              69.867           1.000e+02     
  75.000         355.000            5.616e-02           5.154e-02              70.132           4.615e-03              69.588           1.000e+02     
  80.000         355.000            2.386e-02           1.932e-02              70.103           4.534e-03              69.336           1.000e+02     
  85.000         355.000            7.105e-03           2.616e-03              70.461           4.489e-03              69.117           8.837e+01     
  90.000         355.000            5.823e-03           1.340e-03             248.789           4.483e-03              68.934           1.000e+02     
  95.000         355.000            1.995e-02           1.544e-02             249.492           4.515e-03              68.792           1.000e+02     
 100.000         355.000            4.948e-02           4.490e-02             249.685           4.584e-03              68.694           1.000e+02     
 105.000         355.000            9.441e-02           8.972e-02             249.859           4.690e-03              68.642           1.000e+02     
 110.000         355.000            1.547e-01           1.498e-01             250.062           4.831e-03              68.638           1.000e+02     
 115.000         355.000            2.301e-01           2.250e-01             250.303           5.007e-03              68.683           1.000e+02     
 120.000         355.000            3.201e-01           3.149e-01             250.586           5.215e-03              68.774           1.000e+02     
 125.000         355.000            4.238e-01           4.183e-01             250.911           5.452e-03              68.911           1.000e+02     
 130.000         355.000            5.397e-01           5.340e-01             251.277           5.714e-03              69.092           1.000e+02     
 135.000         355.000            6.655e-01           6.596e-01             251.683           5.996e-03              69.312           1.000e+02     
 140.000         355.000            7.984e-01           7.921e-01             252.126           6.292e-03              69.568           1.000e+02     
 145.000         355.000            9.344e-01           9.278e-01             252.603           6.595e-03              69.856           1.000e+02     
 150.000         355.000            1.069e+00           1.062e+00             253.111           6.898e-03              70.172           1.000e+02     
 155.000         355.000            1.197e+00           1.190e+00             253.646           7.191e-03              70.513           1.000e+02     
 160.000         355.000            1.314e+00           1.306e+00             254.205           7.467e-03              70.873           1.000e+02     
 165.000         355.000            1.413e+00           1.405e+00             254.782           7.717e-03              71.249           1.000e+02     
 170.000         355.000            1.490e+00           1.482e+00             255.373           7.934e-03              71.637           1.000e+02     
 175.000         355.000            1.542e+00           1.534e+00             255.974           8.112e-03              72.034           1.000e+02     
 180.000         355.000            1.564e+00           1.556e+00             256.578           8.246e-03              72.437           1.000e+02     
